"","Year","School","Name","Height","Weight","Hand_Size","Arm_Length","Forty_Yard","Vertical_Leap","Broad_Jump","Shuttle","Three_Cone","NFL_QBR","Conference","Games","Completions","Attempts","Completion_Percentage","Yards","Y.A","TD","INT","College_QBR","Rush_Attempts","Rushing_Yds","Rushing_Avg","Rushing_Td","Rank","Power_Five"
"1",1987,"Baylor","Cody Carlson",75,191,9.25,31,4.82,29.5,111,4.45,9.99,70,NA,NA,NA,NA,NA,NA,NA,NA,NA,NA,NA,NA,NA,NA,NA,FALSE
"2",1987,"Boston College","Shawn Halloran",76.3,217,10.25,31.25,5.14,23.5,94,4.53,9.99,54,NA,NA,NA,NA,NA,NA,NA,NA,NA,NA,NA,NA,NA,NA,NA,FALSE
"3",1987,"Colorado State","Kelly Stouffer",75,212,NA,NA,4.95,28,108,4.51,9.99,54.5,NA,NA,NA,NA,NA,NA,NA,NA,NA,NA,NA,NA,NA,NA,NA,FALSE
"4",1987,"Delaware","Rich Gannon",74.3,193,9.5,30,4.58,32.5,110,4.11,9.99,84.7,NA,NA,NA,NA,NA,NA,NA,NA,NA,NA,NA,NA,NA,NA,NA,FALSE
"5",1987,"Frenso State (CA)","Kevin Sweeney",71.3,187,NA,NA,9.99,NA,NA,9.99,9.99,61.2,NA,NA,NA,NA,NA,NA,NA,NA,NA,NA,NA,NA,NA,NA,NA,FALSE
"6",1987,"Miami (FL)","Vinny Testaverde",76.3,213,10,33.5,4.75,NA,NA,9.99,9.99,75,NA,NA,NA,NA,NA,NA,NA,NA,NA,NA,NA,NA,NA,NA,NA,FALSE
"7",1987,"Michigan","Jim Harbaugh",74.3,203,9.75,31.25,9.99,NA,NA,9.99,9.99,77.6,NA,NA,NA,NA,NA,NA,NA,NA,NA,NA,NA,NA,NA,NA,NA,FALSE
"8",1987,"Nicholls State (LA)","Doug Hudson",73.8,197,7.25,29,4.86,25,105,4.52,9.99,2.1,NA,NA,NA,NA,NA,NA,NA,NA,NA,NA,NA,NA,NA,NA,NA,FALSE
"9",1987,"Northern Colorado","Loren Snyder",75.6,207,NA,NA,5.15,26.5,104,4.63,9.99,59.5,NA,NA,NA,NA,NA,NA,NA,NA,NA,NA,NA,NA,NA,NA,NA,FALSE
"10",1987,"Notre Dame","Steve Beuerlein",74.4,203,10,30,5.1,23,93,4.63,9.99,80.3,NA,NA,NA,NA,NA,NA,NA,NA,NA,NA,NA,NA,NA,NA,NA,FALSE
"11",1987,"Oregon","Chris Miller",73.4,190,NA,NA,4.74,30.5,117,4.35,9.99,74.9,NA,NA,NA,NA,NA,NA,NA,NA,NA,NA,NA,NA,NA,NA,NA,FALSE
"12",1987,"Virginia","Don Majkowski",73.5,199,9,32.25,4.83,34,116,4.13,9.99,72.9,NA,NA,NA,NA,NA,NA,NA,NA,NA,NA,NA,NA,NA,NA,NA,FALSE
"13",1988,"Florida","Kerwin Bell",74.1,200,9.5,NA,5.07,28.5,102,4.63,9.99,214.6,"SEC",11,140,239,0.59,1769,7.4,9,10,124.8,42,-184,42.1,0,NA,TRUE
"14",1988,"Georgia Tech","Rick Strom",74.3,203,9.25,NA,4.72,31,108,4.39,9.99,66.9,NA,NA,NA,NA,NA,NA,NA,NA,NA,NA,NA,NA,NA,NA,NA,FALSE
"15",1988,"Louisiana-Monroe","Stan Humphries",73.9,223,10.25,NA,4.93,28,102,4.56,9.99,75.8,NA,NA,NA,NA,NA,NA,NA,NA,NA,NA,NA,NA,NA,NA,NA,FALSE
"16",1988,"Washington","Chris Chandler",75.9,211,9.25,NA,4.87,30,102,4.4,9.99,80,"Pac-10",11,128,249,0.51,1739,7,9,11,113.2,46,136,37.8,3,NA,TRUE
"17",1989,"Duke","Anthony Dilweg",75.4,199,NA,NA,4.78,28,102,4.37,9.99,72.3,"ACC",11,287,484,0.59,3824,7.9,24,18,134.6,55,-111,69.5,2,NA,TRUE
"18",1989,"Oregon State","Erik Wilhelm",74.8,209,NA,NA,5.18,26,101,4.21,9.99,71.1,"Pac-10",22,501,865,0.58,5632,6.5,35,30,119,111,-93,-0.8,2,NA,TRUE
"19",1989,"Princeton","Jason Garrett",72.5,192,NA,NA,4.85,29.5,109,4.06,9.99,83.2,NA,NA,NA,NA,NA,NA,NA,NA,NA,NA,NA,NA,NA,NA,NA,FALSE
"20",1989,"Southern California","Rodney Peete",72.5,195,NA,NA,4.72,29,103,4.53,9.99,73.3,NA,NA,NA,NA,NA,NA,NA,NA,NA,NA,NA,NA,NA,NA,NA,FALSE
"21",1989,"Syracuse","Todd Philcox",76,213,NA,NA,5.12,27.5,100,4.43,9.99,57.4,"Ind",11,141,234,0.6,2076,8.9,16,11,147.9,73,1,28.4,0,NA,FALSE
"22",1989,"Tennessee","Jeff Francis",75.5,218,NA,NA,4.9,29.5,102,4.51,9.99,139.6,"SEC",23,312,515,0.61,3749,7.3,21,19,127.8,140,122,0.9,3,NA,TRUE
"23",1989,"Texas Tech","Billy Joe Tolliver",72.6,217,NA,NA,5.09,28.5,96,4.42,9.99,66.6,"SWC",22,287,550,0.52,4291,7.8,27,24,125.2,75,-251,-3.3,1,NA,FALSE
"24",1989,"Wake Forest","Mike Elkins",75.3,221,NA,NA,5.02,29.5,97,4.5,9.99,-154.2,"ACC",22,334,597,0.56,4120,6.9,21,29,115.8,101,-20,-0.2,3,NA,TRUE
"25",1989,"Weber State (UT)","Jeff Carlson",75,209,NA,NA,5.06,32,106,4.41,9.99,34.1,NA,NA,NA,NA,NA,NA,NA,NA,NA,NA,NA,NA,NA,NA,NA,FALSE
"26",1990,"California","Troy Taylor",75.4,201,9.63,29.38,4.73,33.5,116,4.13,9.99,90.6,"Pac-10",33,591,1002,0.59,7235,7.2,50,38,128.5,272,165,0.6,1,NA,TRUE
"27",1990,"Idaho","John Friesz",76.3,209,8.75,31.63,5.29,22,97,4.57,9.99,72.3,NA,NA,NA,NA,NA,NA,NA,NA,NA,NA,NA,NA,NA,NA,NA,FALSE
"28",1990,"Maine","Mike Buck",74.6,218,9.88,30.63,5.04,25,103,4.33,9.99,87.7,NA,NA,NA,NA,NA,NA,NA,NA,NA,NA,NA,NA,NA,NA,NA,FALSE
"29",1990,"Maryland","Neil O'Donnell",74.3,217,9.13,31.25,4.89,32.5,109,4.03,9.99,81.8,"ACC",22,316,547,0.58,4076,7.5,22,15,128.2,171,122,0.7,3,NA,TRUE
"30",1990,"Washington","Cary Conklin",76,215,9.25,31,4.96,26.5,109,4.56,9.99,72.2,"Pac-10",22,361,667,0.54,4402,6.6,27,29,114.2,149,49,0.3,4,NA,TRUE
"31",1991,"Arizona State","Paul Justin",75.8,202,10.25,32,5.04,27.5,104,4.36,9.99,75,"Pac-10",22,314,567,0.55,4467,7.9,27,20,130.2,57,-202,-3.5,2,NA,TRUE
"32",1991,"Louisville","Browning Nagle",74.3,231,10,30,9.99,NA,NA,9.99,9.99,53.5,"Ind",22,333,597,0.56,4653,7.8,32,21,131.9,95,-171,-1.8,3,NA,FALSE
"33",1991,"Maryland","Scott Zolak",77,222,10.5,32.5,5.01,30.5,105,4.4,9.99,64.8,"ACC",11,225,418,0.54,2589,6.2,10,19,104.7,64,-197,40.5,1,NA,TRUE
"34",1991,"Oregon","Bill Musgrave",74.3,200,9.5,31.5,4.98,30.5,106,4.27,9.99,71,"Pac-10",33,572,983,0.58,7528,7.7,52,36,132.7,147,-182,-1.2,4,NA,TRUE
"35",1991,"Rice (TX)","Donald Hollas",75.1,215,9.75,32,4.93,28.5,104,4.31,9.99,61.8,NA,NA,NA,NA,NA,NA,NA,NA,NA,NA,NA,NA,NA,NA,NA,FALSE
"36",1991,"Southern Mississippi","Brett Favre",74,217,10.38,31,9.99,NA,NA,9.99,9.99,86,"Ind",44,613,1169,0.52,7695,6.6,52,34,116.6,193,-89,-0.5,1,NA,FALSE
"37",1991,"Virginia","Shawn Moore",73.9,213,NA,NA,9.99,NA,NA,9.99,9.99,35.4,"ACC",32,410,744,0.55,6498,8.7,54,29,144.6,392,1179,3,27,NA,TRUE
"38",1992,"Brigham Young","Ty Detmer",71.8,179,8.13,31.75,9.99,NA,NA,9.99,9.99,74.7,"WAC",36,875,1377,0.64,13779,10,108,55,165.5,233,-323,-1.4,14,NA,FALSE
"39",1992,"East Carolina (NC)","Jeff Blake",71.8,202,8.5,32.88,4.86,30.5,115,4.6,9.99,78,NA,NA,NA,NA,NA,NA,NA,NA,NA,NA,NA,NA,NA,NA,NA,FALSE
"40",1992,"Florida State","Brad Johnson",76.5,218,10.13,31,5.02,29.5,110,4.29,9.99,82.5,NA,NA,NA,NA,NA,NA,NA,NA,NA,NA,NA,NA,NA,NA,NA,FALSE
"41",1992,"Florida State","Casey Weldon",72.6,200,9.5,31,4.83,32.5,102,4.06,9.99,57.4,"Ind",23,301,495,0.61,4127,8.3,34,12,148.7,67,-9,-0.1,0,NA,FALSE
"42",1992,"Houston","David Klingler",74.5,205,9.25,33,4.82,32.5,111,4.01,9.99,65.1,"SWC",21,652,1140,0.57,8528,7.5,83,37,137.6,153,-81,-0.5,2,NA,FALSE
"43",1992,"Ohio State","Kent Graham",76.9,232,9.5,31.38,5.14,27.5,103,4.21,9.99,69,NA,NA,NA,NA,NA,NA,NA,NA,NA,NA,NA,NA,NA,NA,NA,FALSE
"44",1992,"Penn State","Tony Sacca",76.6,234,8.75,33.13,4.86,29.5,107,4.21,9.99,-32.4,"Ind",23,291,541,0.54,4354,8,31,14,135.1,135,76,0.6,5,NA,FALSE
"45",1992,"Tulsa (OK)","T.J. Rubley",74.6,199,8.75,32.75,4.88,27,NA,4.22,9.99,78.1,NA,NA,NA,NA,NA,NA,NA,NA,NA,NA,NA,NA,NA,NA,NA,FALSE
"46",1992,"Virginia","Matt Blundin",78,228,9,33.5,4.99,25.5,103,4.53,9.99,-65,"ACC",9,135,224,0.6,1902,8.5,19,0,159.6,30,10,63.4,1,NA,TRUE
"47",1992,"Virginia Tech","Will Furrer",74.6,208,9.63,31.88,4.88,32,106,4.46,9.99,31.4,"Ind",30,449,832,0.54,5326,6.4,40,43,113.3,114,-134,-1.2,1,NA,FALSE
"48",1993,"Florida","Shane Matthews",74.6,196,8.88,31.63,4.89,32,105,4.37,9.99,75,"SEC",34,722,1202,0.6,9287,7.7,74,46,137.6,195,-46,-0.2,7,NA,TRUE
"49",1993,"Indiana","Trent Green",74.5,211,9.63,33.13,4.92,32.5,116,4.2,9.99,86,"Big Ten",22,354,617,0.57,4407,7.1,19,24,119.8,216,229,1.1,14,NA,FALSE
"50",1993,"Miami (FL)","Gino Torretta",74,219,9.38,29.38,9.99,31,106,9.99,9.99,33.6,"Ind",33,534,950,0.56,7480,7.9,47,23,133.8,104,21,0.2,2,NA,FALSE
"51",1993,"Michigan","Elvis Grbac",77.1,232,9.13,33.25,4.81,31.5,112,4.5,9.99,79.6,"Big Ten",36,449,719,0.62,5636,7.8,63,28,149.4,60,-136,-2.3,1,NA,FALSE
"52",1993,"Notre Dame","Rick Mirer",74,216,9.25,32.25,9.99,NA,NA,9.99,9.99,63.5,"Ind",34,362,668,0.54,5817,8.7,41,22,141,241,662,2.7,17,NA,FALSE
"53",1993,"Pittsburgh","Alex Van Pelt",72,212,9.75,31.88,4.97,30.5,NA,9.99,9.99,64.1,NA,NA,NA,NA,NA,NA,NA,NA,NA,NA,NA,NA,NA,NA,NA,FALSE
"54",1993,"Washington","Billy Joe Hobert",74.6,234,9.75,29,4.89,30.5,109,4.29,9.99,68.6,"Pac-10",11,173,285,0.61,2271,8,22,10,146.1,33,56,68.8,5,NA,TRUE
"55",1993,"Washington","Mark Brunell",73,206,9.13,32.25,4.7,30.5,112,4.19,9.99,84,"Pac-10",22,227,442,0.51,3033,6.9,19,12,117.8,173,641,3.7,18,NA,TRUE
"56",1993,"Washington State","Drew Bledsoe",77,233,9.63,33.25,9.99,32.5,111,4.54,9.99,77.1,"Pac-10",23,440,790,0.56,5987,7.6,37,30,127.2,113,-106,-0.9,6,NA,TRUE
"57",1993,"Weber State (UT)","Jamie Martin",74.4,210,9.88,32.25,4.83,31,115,4.3,9.99,82.3,NA,NA,NA,NA,NA,NA,NA,NA,NA,NA,NA,NA,NA,NA,NA,FALSE
"58",1994,"Boston College","Glenn Foley",72.8,212,9.38,30.75,9.99,NA,NA,9.99,9.99,67.2,"Ind",44,703,1275,0.55,10039,7.9,72,60,130.5,166,-320,-1.9,0,NA,FALSE
"59",1994,"Dartmouth (NH)","Jay Fiedler",73.4,215,9.5,30.5,4.81,33.5,116,4.46,9.99,77.1,NA,NA,NA,NA,NA,NA,NA,NA,NA,NA,NA,NA,NA,NA,NA,FALSE
"60",1994,"Frenso State (CA)","Trent Dilfer",75.3,228,9.63,32.25,9.99,NA,NA,9.99,9.99,70.2,NA,NA,NA,NA,NA,NA,NA,NA,NA,NA,NA,NA,NA,NA,NA,FALSE
"61",1994,"Idaho","Doug Nussmeier",74.9,211,9.63,31.25,4.88,33,113,4.13,9.99,55.7,NA,NA,NA,NA,NA,NA,NA,NA,NA,NA,NA,NA,NA,NA,NA,FALSE
"62",1994,"LIU-CW Post (NY)","Perry Klein",74.4,214,9,31.88,4.84,32.5,115,4.2,9.99,2.1,NA,NA,NA,NA,NA,NA,NA,NA,NA,NA,NA,NA,NA,NA,NA,FALSE
"63",1994,"Louisville","Jeff Brohm",72.8,208,9.5,30,9.99,34.5,113,4.23,9.99,79.2,"Ind",22,340,601,0.57,4634,7.7,29,21,130.3,177,4,0,5,NA,FALSE
"64",1994,"Memphis","Steve Matthews",74.9,208,8.88,31.5,9.99,NA,NA,9.99,9.99,85.3,"Ind",40,682,1118,0.61,7960,7.1,62,50,130.2,144,-778,-5.4,2,NA,FALSE
"65",1994,"Michigan State","Jim Miller",74.3,227,9.38,31.5,5.13,24.5,100,4.39,9.99,75.2,"Big Ten",32,467,745,0.63,5037,6.8,17,29,119.2,128,-293,-2.3,0,NA,FALSE
"66",1994,"Tennessee","Heath Shuler",74,221,10.63,31.5,9.99,NA,NA,9.99,9.99,54.3,"SEC",22,314,509,0.62,4066,8,35,12,146.8,151,359,2.4,14,NA,TRUE
"67",1994,"Tulsa (OK)","Gus Frerotte",75,221,9.5,30.88,5.04,26,102,4.79,9.99,74.2,NA,NA,NA,NA,NA,NA,NA,NA,NA,NA,NA,NA,NA,NA,NA,FALSE
"68",1995,"Brigham Young","John Walsh",75,214,9.75,32.38,9.99,NA,NA,9.99,9.99,-37.5,"WAC",23,528,860,0.61,7439,8.7,57,29,149.2,160,-546,-3.4,3,NA,FALSE
"69",1995,"California","Dave Barr",74.9,210,9.75,31.38,9.99,NA,NA,9.99,9.99,67.8,"Pac-10",24,386,619,0.62,4962,8,40,27,142.3,125,-255,-2,1,NA,TRUE
"70",1995,"Colorado","Kordell Stewart",73.5,212,9.5,31.5,4.52,36,125,4.13,9.99,70.7,"Big 8",31,455,783,0.58,6479,8.3,33,19,136.7,284,1145,4,14,NA,FALSE
"71",1995,"Georgia","Eric Zeier",72.5,208,9.13,32.25,9.99,NA,NA,9.99,9.99,74.4,"SEC",44,838,1402,0.6,11153,8,67,37,137.1,158,-312,-2,4,NA,TRUE
"72",1995,"Kansas State","Chad May",73.4,226,10.63,31.75,9.99,NA,NA,9.99,9.99,-37.5,"Big 8",22,385,688,0.56,5253,7.6,34,16,131.8,128,-362,-2.8,10,NA,FALSE
"73",1995,"Michigan","Todd Collins",76.6,224,9.5,32.5,5.07,30,111,4.34,9.99,71.8,"Big Ten",24,375,584,0.64,5027,8.6,30,17,147.6,87,-124,-1.4,0,NA,FALSE
"74",1995,"Middle Tennessee State","Kelly Holcomb",74.4,202,9.5,30.75,5.12,28,107,4.44,9.99,79.2,NA,NA,NA,NA,NA,NA,NA,NA,NA,NA,NA,NA,NA,NA,NA,FALSE
"75",1995,"New Mexico","Stoney Case",74.5,206,9.63,31.38,4.83,30.5,111,4.25,9.99,53.3,"WAC",34,574,1021,0.56,7896,7.7,57,33,133.1,380,1131,3,29,NA,FALSE
"76",1995,"Penn State","Kerry Collins",77,240,10,32.75,9.99,NA,NA,9.99,9.99,73.8,"Big Ten",22,303,514,0.59,4284,8.3,34,18,143.8,38,-11,-0.3,0,NA,FALSE
"77",1995,"Southern California","Rob Johnson",75.3,223,9.75,32.25,9.99,NA,NA,9.99,9.99,83.6,NA,NA,NA,NA,NA,NA,NA,NA,NA,NA,NA,NA,NA,NA,NA,FALSE
"78",1995,"Stanford","Steve Stenstrom",73.9,199,9,31.5,5.08,28,100,4.03,9.99,62.5,"Pac-10",44,849,1352,0.63,10701,7.9,72,37,141.4,225,-718,-3.2,3,NA,TRUE
"79",1996,"Florida State","Danny Kanell",75.4,222,9.38,32,9.99,NA,NA,9.99,9.99,63.2,"ACC",22,484,782,0.62,5738,7.3,49,26,137.6,46,-168,-3.7,1,NA,TRUE
"80",1996,"Maryland","Scott Milanovich",74.5,218,9.25,30.25,9.99,NA,NA,9.99,9.99,70.1,"ACC",22,508,764,0.66,5893,7.7,46,27,144.1,141,-124,-0.9,3,NA,TRUE
"81",1996,"Michigan State","Tony Banks",76.5,220,9.5,33.13,4.93,NA,NA,4.55,9.99,72.4,"Big Ten",20,301,496,0.61,4129,8.3,20,21,135.5,139,-24,-0.2,3,NA,FALSE
"82",1996,"Northern Arizona","Jeff Lewis",73.8,215,9.25,31,9.99,NA,NA,9.99,9.99,46.1,NA,NA,NA,NA,NA,NA,NA,NA,NA,NA,NA,NA,NA,NA,NA,FALSE
"83",1996,"Ohio State","Bobby Hoying",75.3,221,9.63,33.25,4.73,31,108,4.16,9.99,64.3,"Big Ten",38,490,844,0.58,7174,8.5,56,34,143.3,163,-71,-0.4,4,NA,FALSE
"84",1997,"Arizona State","Jake Plummer",74.3,195,9.25,33,4.96,30,111,4.29,7.3,74.6,"Pac-10",42,613,1107,0.55,8626,7.8,64,34,133.8,289,-113,-0.4,5,14,TRUE
"85",1997,"Auburn",NA,NA,NA,NA,NA,NA,NA,NA,NA,NA,NA,NA,NA,NA,NA,NA,NA,NA,NA,NA,NA,NA,NA,NA,NA,11,FALSE
"86",1997,"Colorado","Koy Detmer",72.9,180,8,32.88,5.14,28.5,103,4.37,7.79,61.2,"Big 12",11,208,363,0.57,3156,8.7,22,12,143.7,36,-6,87.7,3,NA,TRUE
"87",1997,"Colorado State",NA,NA,NA,NA,NA,NA,NA,NA,NA,NA,NA,NA,NA,NA,NA,NA,NA,NA,NA,NA,NA,NA,NA,NA,NA,17,FALSE
"88",1997,"Florida","Danny Wuerffel",73.8,212,9.5,31.5,4.9,28,100,4.42,7.69,56.4,"SEC",46,708,1170,0.61,10875,9.3,114,42,163.6,185,-375,-2,8,4,TRUE
"89",1997,"Florida State",NA,NA,NA,NA,NA,NA,NA,NA,NA,NA,NA,NA,NA,NA,NA,NA,NA,NA,NA,NA,NA,NA,NA,NA,NA,3,FALSE
"90",1997,"Georgia",NA,NA,NA,NA,NA,NA,NA,NA,NA,NA,NA,NA,NA,NA,NA,NA,NA,NA,NA,NA,NA,NA,NA,NA,NA,10,FALSE
"91",1997,"Georgia Tech",NA,NA,NA,NA,NA,NA,NA,NA,NA,NA,NA,NA,NA,NA,NA,NA,NA,NA,NA,NA,NA,NA,NA,NA,NA,25,FALSE
"92",1997,"Kansas State",NA,NA,NA,NA,NA,NA,NA,NA,NA,NA,NA,NA,NA,NA,NA,NA,NA,NA,NA,NA,NA,NA,NA,NA,NA,8,FALSE
"93",1997,"Marshall (WV)","Eric Kresser",74.3,220,9.88,33.5,9.99,NA,NA,9.99,9.99,50.5,NA,NA,NA,NA,NA,NA,NA,NA,NA,NA,NA,NA,NA,NA,NA,FALSE
"94",1997,"Michigan",NA,NA,NA,NA,NA,NA,NA,NA,NA,NA,NA,NA,NA,NA,NA,NA,NA,NA,NA,NA,NA,NA,NA,NA,NA,1,FALSE
"95",1997,"Missouri",NA,NA,NA,NA,NA,NA,NA,NA,NA,NA,NA,NA,NA,NA,NA,NA,NA,NA,NA,NA,NA,NA,NA,NA,NA,23,FALSE
"96",1997,"Murray State (KY)","Mike Cherry",75.9,222,9.75,33.25,5.11,28.5,105,4.38,7.8,2.1,NA,NA,NA,NA,NA,NA,NA,NA,NA,NA,NA,NA,NA,NA,NA,FALSE
"97",1997,"Nebraska",NA,NA,NA,NA,NA,NA,NA,NA,NA,NA,NA,NA,NA,NA,NA,NA,NA,NA,NA,NA,NA,NA,NA,NA,NA,2,FALSE
"98",1997,"North Carolina",NA,NA,NA,NA,NA,NA,NA,NA,NA,NA,NA,NA,NA,NA,NA,NA,NA,NA,NA,NA,NA,NA,NA,NA,NA,6,FALSE
"99",1997,"Ohio State",NA,NA,NA,NA,NA,NA,NA,NA,NA,NA,NA,NA,NA,NA,NA,NA,NA,NA,NA,NA,NA,NA,NA,NA,NA,12,FALSE
"100",1997,"Oklahoma State",NA,NA,NA,NA,NA,NA,NA,NA,NA,NA,NA,NA,NA,NA,NA,NA,NA,NA,NA,NA,NA,NA,NA,NA,NA,24,FALSE
"101",1997,"Penn State","Wally Richardson",76.4,221,10.25,33.63,4.95,31,109,4.47,7.97,45.8,"Big Ten",23,338,614,0.55,3930,6.4,25,14,117.7,69,-219,-3.2,0,16,FALSE
"102",1997,"Purdue",NA,NA,NA,NA,NA,NA,NA,NA,NA,NA,NA,NA,NA,NA,NA,NA,NA,NA,NA,NA,NA,NA,NA,NA,NA,15,FALSE
"103",1997,"Southern Mississippi",NA,NA,NA,NA,NA,NA,NA,NA,NA,NA,NA,NA,NA,NA,NA,NA,NA,NA,NA,NA,NA,NA,NA,NA,NA,19,FALSE
"104",1997,"Syracuse",NA,NA,NA,NA,NA,NA,NA,NA,NA,NA,NA,NA,NA,NA,NA,NA,NA,NA,NA,NA,NA,NA,NA,NA,NA,21,FALSE
"105",1997,"Tennessee",NA,NA,NA,NA,NA,NA,NA,NA,NA,NA,NA,NA,NA,NA,NA,NA,NA,NA,NA,NA,NA,NA,NA,NA,NA,7,FALSE
"106",1997,"UCLA",NA,NA,NA,NA,NA,NA,NA,NA,NA,NA,NA,NA,NA,NA,NA,NA,NA,NA,NA,NA,NA,NA,NA,NA,NA,5,FALSE
"107",1997,"Virginia Tech","Jim Druckenmiller",76.6,234,11.25,33.25,9.99,29,106,4.28,7.92,29.2,"Big East",22,293,544,0.54,4174,7.7,31,16,131.2,135,262,1.9,0,NA,FALSE
"108",1997,"Washington",NA,NA,NA,NA,NA,NA,NA,NA,NA,NA,NA,NA,NA,NA,NA,NA,NA,NA,NA,NA,NA,NA,NA,NA,NA,18,FALSE
"109",1997,"Washington State",NA,NA,NA,NA,NA,NA,NA,NA,NA,NA,NA,NA,NA,NA,NA,NA,NA,NA,NA,NA,NA,NA,NA,NA,NA,9,FALSE
"110",1997,"LSU",NA,NA,NA,NA,NA,NA,NA,NA,NA,NA,NA,NA,NA,NA,NA,NA,NA,NA,NA,NA,NA,NA,NA,NA,NA,13,FALSE
"111",1997,"Ole Miss",NA,NA,NA,NA,NA,NA,NA,NA,NA,NA,NA,NA,NA,NA,NA,NA,NA,NA,NA,NA,NA,NA,NA,NA,NA,22,FALSE
"112",1997,"Texas A&M",NA,NA,NA,NA,NA,NA,NA,NA,NA,NA,NA,NA,NA,NA,NA,NA,NA,NA,NA,NA,NA,NA,NA,NA,NA,20,FALSE
"113",1998,"Arizona",NA,NA,NA,NA,NA,NA,NA,NA,NA,NA,NA,NA,NA,NA,NA,NA,NA,NA,NA,NA,NA,NA,NA,NA,NA,4,FALSE
"114",1998,"Arkansas",NA,NA,NA,NA,NA,NA,NA,NA,NA,NA,NA,NA,NA,NA,NA,NA,NA,NA,NA,NA,NA,NA,NA,NA,NA,16,FALSE
"115",1998,"Eastern Michigan","Charlie Batch",73.9,216,9.75,33.75,4.89,33.5,118,4.11,7.6,77.2,"MAC",22,491,855,0.57,6457,7.6,44,28,131.3,146,162,1.1,4,NA,FALSE
"116",1998,"Florida",NA,NA,NA,NA,NA,NA,NA,NA,NA,NA,NA,NA,NA,NA,NA,NA,NA,NA,NA,NA,NA,NA,NA,NA,NA,5,FALSE
"117",1998,"Florida State",NA,NA,NA,NA,NA,NA,NA,NA,NA,NA,NA,NA,NA,NA,NA,NA,NA,NA,NA,NA,NA,NA,NA,NA,NA,3,FALSE
"118",1998,"Georgia",NA,NA,NA,NA,NA,NA,NA,NA,NA,NA,NA,NA,NA,NA,NA,NA,NA,NA,NA,NA,NA,NA,NA,NA,NA,14,FALSE
"119",1998,"Georgia Tech",NA,NA,NA,NA,NA,NA,NA,NA,NA,NA,NA,NA,NA,NA,NA,NA,NA,NA,NA,NA,NA,NA,NA,NA,NA,9,FALSE
"120",1998,"Kansas State",NA,NA,NA,NA,NA,NA,NA,NA,NA,NA,NA,NA,NA,NA,NA,NA,NA,NA,NA,NA,NA,NA,NA,NA,NA,10,FALSE
"121",1998,"Miami (FL)",NA,NA,NA,NA,NA,NA,NA,NA,NA,NA,NA,NA,NA,NA,NA,NA,NA,NA,NA,NA,NA,NA,NA,NA,NA,20,FALSE
"122",1998,"Michigan",NA,NA,NA,NA,NA,NA,NA,NA,NA,NA,NA,NA,NA,NA,NA,NA,NA,NA,NA,NA,NA,NA,NA,NA,NA,12,FALSE
"123",1998,"Minnesota","Cory Sauter",76.1,218,9.38,34.13,4.98,31,109,4.15,7.45,85,"Big Ten",34,530,924,0.57,6754,7.3,40,33,125.9,254,-201,-0.8,8,NA,FALSE
"124",1998,"Missouri",NA,NA,NA,NA,NA,NA,NA,NA,NA,NA,NA,NA,NA,NA,NA,NA,NA,NA,NA,NA,NA,NA,NA,NA,NA,21,FALSE
"125",1998,"Nebraska",NA,NA,NA,NA,NA,NA,NA,NA,NA,NA,NA,NA,NA,NA,NA,NA,NA,NA,NA,NA,NA,NA,NA,NA,NA,19,FALSE
"126",1998,"Notre Dame",NA,NA,NA,NA,NA,NA,NA,NA,NA,NA,NA,NA,NA,NA,NA,NA,NA,NA,NA,NA,NA,NA,NA,NA,NA,22,FALSE
"127",1998,"Ohio State",NA,NA,NA,NA,NA,NA,NA,NA,NA,NA,NA,NA,NA,NA,NA,NA,NA,NA,NA,NA,NA,NA,NA,NA,NA,2,FALSE
"128",1998,"Penn State",NA,NA,NA,NA,NA,NA,NA,NA,NA,NA,NA,NA,NA,NA,NA,NA,NA,NA,NA,NA,NA,NA,NA,NA,NA,17,FALSE
"129",1998,"Purdue",NA,NA,NA,NA,NA,NA,NA,NA,NA,NA,NA,NA,NA,NA,NA,NA,NA,NA,NA,NA,NA,NA,NA,NA,NA,24,FALSE
"130",1998,"Syracuse",NA,NA,NA,NA,NA,NA,NA,NA,NA,NA,NA,NA,NA,NA,NA,NA,NA,NA,NA,NA,NA,NA,NA,NA,NA,25,FALSE
"131",1998,"Tennessee","Peyton Manning",77.3,230,10.13,31.5,9.99,NA,NA,9.99,9.99,96.5,"SEC",34,774,1237,0.63,10060,8.1,78,27,147.3,132,-155,-1.2,11,1,TRUE
"132",1998,"Texas",NA,NA,NA,NA,NA,NA,NA,NA,NA,NA,NA,NA,NA,NA,NA,NA,NA,NA,NA,NA,NA,NA,NA,NA,NA,15,FALSE
"133",1998,"UCLA",NA,NA,NA,NA,NA,NA,NA,NA,NA,NA,NA,NA,NA,NA,NA,NA,NA,NA,NA,NA,NA,NA,NA,NA,NA,8,FALSE
"134",1998,"Virginia",NA,NA,NA,NA,NA,NA,NA,NA,NA,NA,NA,NA,NA,NA,NA,NA,NA,NA,NA,NA,NA,NA,NA,NA,NA,18,FALSE
"135",1998,"Virginia Tech",NA,NA,NA,NA,NA,NA,NA,NA,NA,NA,NA,NA,NA,NA,NA,NA,NA,NA,NA,NA,NA,NA,NA,NA,NA,23,FALSE
"136",1998,"Washington State","Ryan Leaf",77.4,261,10.5,33.88,9.99,NA,NA,9.99,9.99,50,"Pac-10",23,421,783,0.54,6779,8.7,55,23,143.8,151,-184,-1.2,12,NA,TRUE
"137",1998,"Wisconsin",NA,NA,NA,NA,NA,NA,NA,NA,NA,NA,NA,NA,NA,NA,NA,NA,NA,NA,NA,NA,NA,NA,NA,NA,NA,6,FALSE
"138",1998,"Air Force",NA,NA,NA,NA,NA,NA,NA,NA,NA,NA,NA,NA,NA,NA,NA,NA,NA,NA,NA,NA,NA,NA,NA,NA,NA,13,FALSE
"139",1998,"Texas A&M",NA,NA,NA,NA,NA,NA,NA,NA,NA,NA,NA,NA,NA,NA,NA,NA,NA,NA,NA,NA,NA,NA,NA,NA,NA,11,FALSE
"140",1998,"Tulane",NA,NA,NA,NA,NA,NA,NA,NA,NA,NA,NA,NA,NA,NA,NA,NA,NA,NA,NA,NA,NA,NA,NA,NA,NA,7,FALSE
"141",1999,"Alabama",NA,NA,NA,NA,NA,NA,NA,NA,NA,NA,NA,NA,NA,NA,NA,NA,NA,NA,NA,NA,NA,NA,NA,NA,NA,8,FALSE
"142",1999,"Arkansas",NA,NA,NA,NA,NA,NA,NA,NA,NA,NA,NA,NA,NA,NA,NA,NA,NA,NA,NA,NA,NA,NA,NA,NA,NA,17,FALSE
"143",1999,"Central Florida","Daunte Culpepper",75.8,255,9.5,30.25,4.52,39,122,4.13,7.21,87.8,NA,NA,NA,NA,NA,NA,NA,NA,NA,NA,NA,NA,NA,NA,NA,FALSE
"144",1999,"Florida",NA,NA,NA,NA,NA,NA,NA,NA,NA,NA,NA,NA,NA,NA,NA,NA,NA,NA,NA,NA,NA,NA,NA,NA,NA,12,FALSE
"145",1999,"Florida State",NA,NA,NA,NA,NA,NA,NA,NA,NA,NA,NA,NA,NA,NA,NA,NA,NA,NA,NA,NA,NA,NA,NA,NA,NA,1,FALSE
"146",1999,"Georgia",NA,NA,NA,NA,NA,NA,NA,NA,NA,NA,NA,NA,NA,NA,NA,NA,NA,NA,NA,NA,NA,NA,NA,NA,NA,16,FALSE
"147",1999,"Georgia Tech",NA,NA,NA,NA,NA,NA,NA,NA,NA,NA,NA,NA,NA,NA,NA,NA,NA,NA,NA,NA,NA,NA,NA,NA,NA,20,FALSE
"148",1999,"Illinois",NA,NA,NA,NA,NA,NA,NA,NA,NA,NA,NA,NA,NA,NA,NA,NA,NA,NA,NA,NA,NA,NA,NA,NA,NA,24,FALSE
"149",1999,"Kansas State","Michael Bishop",73,205,NA,NA,4.85,33,113,4.62,7.63,57.6,"Big 12",23,244,480,0.51,4401,9.2,36,13,147.2,324,1314,4.1,23,6,TRUE
"150",1999,"Kentucky","Tim Couch",76.1,225,9.88,31,5.08,31,NA,4.34,9.99,75.1,"SEC",22,763,1100,0.69,8159,7.4,73,34,147.4,130,-249,-1.9,4,NA,TRUE
"151",1999,"Miami (FL)","Scott Covington",74.1,219,9.5,31,4.67,34,107,4.42,7.62,64.6,"Big East",11,159,270,0.59,2301,8.5,19,8,147.8,45,-192,51.1,0,15,FALSE
"152",1999,"Michigan",NA,NA,NA,NA,NA,NA,NA,NA,NA,NA,NA,NA,NA,NA,NA,NA,NA,NA,NA,NA,NA,NA,NA,NA,NA,5,FALSE
"153",1999,"Michigan State",NA,NA,NA,NA,NA,NA,NA,NA,NA,NA,NA,NA,NA,NA,NA,NA,NA,NA,NA,NA,NA,NA,NA,NA,NA,7,FALSE
"154",1999,"Minnesota",NA,NA,NA,NA,NA,NA,NA,NA,NA,NA,NA,NA,NA,NA,NA,NA,NA,NA,NA,NA,NA,NA,NA,NA,NA,18,FALSE
"155",1999,"Mississippi State",NA,NA,NA,NA,NA,NA,NA,NA,NA,NA,NA,NA,NA,NA,NA,NA,NA,NA,NA,NA,NA,NA,NA,NA,NA,13,FALSE
"156",1999,"Nebraska",NA,NA,NA,NA,NA,NA,NA,NA,NA,NA,NA,NA,NA,NA,NA,NA,NA,NA,NA,NA,NA,NA,NA,NA,NA,3,FALSE
"157",1999,"Northwest Missouri State","Chris Greisen",74.5,223,9.63,31.5,5.06,30.5,107,4.33,7.29,77.3,NA,NA,NA,NA,NA,NA,NA,NA,NA,NA,NA,NA,NA,NA,NA,FALSE
"158",1999,"Ohio State","Joe Germaine",73.3,211,9.25,30.63,4.8,32,102,4.21,7.18,53.1,"Big Ten",25,359,594,0.6,5177,8.7,41,16,151,94,-215,-2.3,0,NA,FALSE
"159",1999,"Oregon","Akili Smith",74.8,227,9.75,32.25,4.7,34,111,4.29,6.99,52.8,"Pac-10",23,323,571,0.57,5148,9,45,15,153.1,171,367,2.1,6,19,TRUE
"160",1999,"Penn State",NA,NA,NA,NA,NA,NA,NA,NA,NA,NA,NA,NA,NA,NA,NA,NA,NA,NA,NA,NA,NA,NA,NA,NA,NA,11,FALSE
"161",1999,"Purdue",NA,NA,NA,NA,NA,NA,NA,NA,NA,NA,NA,NA,NA,NA,NA,NA,NA,NA,NA,NA,NA,NA,NA,NA,NA,25,FALSE
"162",1999,"South Carolina","Anthony Wright",73.4,195,9.5,31.5,4.74,31,116,4.35,7.45,66.3,"SEC",31,415,769,0.54,5434,7.1,36,21,123.3,247,190,0.8,7,NA,TRUE
"163",1999,"Southern Mississippi",NA,NA,NA,NA,NA,NA,NA,NA,NA,NA,NA,NA,NA,NA,NA,NA,NA,NA,NA,NA,NA,NA,NA,NA,NA,14,FALSE
"164",1999,"Syracuse","Donovan McNabb",74.3,223,10,30.75,4.64,33,116,4.38,7.3,85.6,"Big East",45,548,938,0.58,8389,8.9,77,26,155.1,465,1561,3.4,19,NA,FALSE
"165",1999,"Tennessee",NA,NA,NA,NA,NA,NA,NA,NA,NA,NA,NA,NA,NA,NA,NA,NA,NA,NA,NA,NA,NA,NA,NA,NA,NA,9,FALSE
"166",1999,"Texas",NA,NA,NA,NA,NA,NA,NA,NA,NA,NA,NA,NA,NA,NA,NA,NA,NA,NA,NA,NA,NA,NA,NA,NA,NA,21,FALSE
"167",1999,"Tulane (LA)","Shaun King",72,221,9.25,30.5,4.77,33,113,4.29,9.99,73.4,NA,NA,NA,NA,NA,NA,NA,NA,NA,NA,NA,NA,NA,NA,NA,FALSE
"168",1999,"UCLA","Cade McNown",72.9,213,9.38,30,4.76,33.5,108,4.28,7.27,67.7,"Pac-10",47,694,1250,0.56,10708,8.6,68,41,138.9,313,577,1.8,16,NA,TRUE
"169",1999,"Virginia","Aaron Brooks",75.5,203,9.5,32,4.59,35.5,118,4.29,7.52,78.5,"ACC",22,320,560,0.57,4601,8.2,32,16,139.3,169,482,2.9,10,NA,TRUE
"170",1999,"Virginia Tech",NA,NA,NA,NA,NA,NA,NA,NA,NA,NA,NA,NA,NA,NA,NA,NA,NA,NA,NA,NA,NA,NA,NA,NA,NA,2,FALSE
"171",1999,"Washington","Brock Huard",77,227,NA,NA,5.12,30.5,107,4.44,7.44,80.3,"Pac-10",30,422,776,0.54,5742,7.4,51,27,131.3,114,-39,-0.3,3,NA,TRUE
"172",1999,"Wisconsin",NA,NA,NA,NA,NA,NA,NA,NA,NA,NA,NA,NA,NA,NA,NA,NA,NA,NA,NA,NA,NA,NA,NA,NA,NA,4,FALSE
"173",1999,"Marshall",NA,NA,NA,NA,NA,NA,NA,NA,NA,NA,NA,NA,NA,NA,NA,NA,NA,NA,NA,NA,NA,NA,NA,NA,NA,10,FALSE
"174",1999,"Ole Miss",NA,NA,NA,NA,NA,NA,NA,NA,NA,NA,NA,NA,NA,NA,NA,NA,NA,NA,NA,NA,NA,NA,NA,NA,NA,22,FALSE
"175",1999,"Texas A&M",NA,NA,NA,NA,NA,NA,NA,NA,NA,NA,NA,NA,NA,NA,NA,NA,NA,NA,NA,NA,NA,NA,NA,NA,NA,23,FALSE
"176",2000,"Auburn",NA,NA,NA,NA,NA,NA,NA,NA,NA,NA,NA,NA,NA,NA,NA,NA,NA,NA,NA,NA,NA,NA,NA,NA,NA,18,FALSE
"177",2000,"Clemson",NA,NA,NA,NA,NA,NA,NA,NA,NA,NA,NA,NA,NA,NA,NA,NA,NA,NA,NA,NA,NA,NA,NA,NA,NA,16,FALSE
"178",2000,"Colorado State",NA,NA,NA,NA,NA,NA,NA,NA,NA,NA,NA,NA,NA,NA,NA,NA,NA,NA,NA,NA,NA,NA,NA,NA,NA,14,FALSE
"179",2000,"Florida","Doug Johnson",74.4,226,9.5,30.5,4.95,29.5,96,9.99,9.99,69.4,"SEC",30,492,880,0.56,6943,7.9,60,33,137.2,97,-362,-3.7,3,10,TRUE
"180",2000,"Florida State",NA,NA,NA,NA,NA,NA,NA,NA,NA,NA,NA,NA,NA,NA,NA,NA,NA,NA,NA,NA,NA,NA,NA,NA,NA,5,FALSE
"181",2000,"Georgia",NA,NA,NA,NA,NA,NA,NA,NA,NA,NA,NA,NA,NA,NA,NA,NA,NA,NA,NA,NA,NA,NA,NA,NA,NA,20,FALSE
"182",2000,"Georgia Tech","Joe Hamilton",70.3,192,9,30.5,4.84,NA,106,9.99,9.99,-37.5,"ACC",43,629,1020,0.62,8882,8.7,65,39,148.2,501,1758,3.5,18,17,TRUE
"183",2000,"Iowa State",NA,NA,NA,NA,NA,NA,NA,NA,NA,NA,NA,NA,NA,NA,NA,NA,NA,NA,NA,NA,NA,NA,NA,NA,NA,25,FALSE
"184",2000,"Kansas State",NA,NA,NA,NA,NA,NA,NA,NA,NA,NA,NA,NA,NA,NA,NA,NA,NA,NA,NA,NA,NA,NA,NA,NA,NA,9,FALSE
"185",2000,"Louisiana Tech","Tim Rattay",72.5,215,9,31.5,4.93,25.5,100,4.21,7.34,83.7,"Ind",33,1015,1552,0.65,12746,8.2,115,35,154.3,153,-103,-0.7,2,NA,FALSE
"186",2000,"Louisville","Chris Redman",74.8,222,9.75,31,5.37,26.5,98,4.78,7.8,78.6,"CUSA",43,1031,1679,0.61,12541,7.5,84,51,134.6,167,-412,-2.5,3,NA,FALSE
"187",2000,"Marshall (WV)","Chad Pennington",75.4,229,10.25,32.75,4.85,33.5,111,4.16,7.12,90.1,NA,NA,NA,NA,NA,NA,NA,NA,NA,NA,NA,NA,NA,NA,NA,FALSE
"188",2000,"Miami (FL)",NA,NA,NA,NA,NA,NA,NA,NA,NA,NA,NA,NA,NA,NA,NA,NA,NA,NA,NA,NA,NA,NA,NA,NA,NA,2,FALSE
"189",2000,"Michigan","Tom Brady",76.4,211,9.38,32.75,5.3,24.5,99,4.38,7.2,97.6,"Big Ten",23,380,618,0.61,4644,7.5,30,16,135.5,88,-136,-1.5,3,11,FALSE
"190",2000,"Mississippi State",NA,NA,NA,NA,NA,NA,NA,NA,NA,NA,NA,NA,NA,NA,NA,NA,NA,NA,NA,NA,NA,NA,NA,NA,NA,24,FALSE
"191",2000,"Nebraska",NA,NA,NA,NA,NA,NA,NA,NA,NA,NA,NA,NA,NA,NA,NA,NA,NA,NA,NA,NA,NA,NA,NA,NA,NA,8,FALSE
"192",2000,"Northern Arizona","Travis Brown",75.5,218,9,31.25,5.03,29,101,4.87,7.54,59.9,NA,NA,NA,NA,NA,NA,NA,NA,NA,NA,NA,NA,NA,NA,NA,FALSE
"193",2000,"Notre Dame","Jarious Jackson",73,226,NA,NA,4.68,NA,109,9.99,9.99,46.4,"Ind",23,288,504,0.57,4493,8.9,30,20,143.7,253,905,3.6,10,15,FALSE
"194",2000,"Oklahoma",NA,NA,NA,NA,NA,NA,NA,NA,NA,NA,NA,NA,NA,NA,NA,NA,NA,NA,NA,NA,NA,NA,NA,NA,NA,1,FALSE
"195",2000,"Oregon",NA,NA,NA,NA,NA,NA,NA,NA,NA,NA,NA,NA,NA,NA,NA,NA,NA,NA,NA,NA,NA,NA,NA,NA,NA,7,FALSE
"196",2000,"Oregon State",NA,NA,NA,NA,NA,NA,NA,NA,NA,NA,NA,NA,NA,NA,NA,NA,NA,NA,NA,NA,NA,NA,NA,NA,NA,4,FALSE
"197",2000,"Purdue",NA,NA,NA,NA,NA,NA,NA,NA,NA,NA,NA,NA,NA,NA,NA,NA,NA,NA,NA,NA,NA,NA,NA,NA,NA,13,FALSE
"198",2000,"South Carolina",NA,NA,NA,NA,NA,NA,NA,NA,NA,NA,NA,NA,NA,NA,NA,NA,NA,NA,NA,NA,NA,NA,NA,NA,NA,19,FALSE
"199",2000,"Stanford","Todd Husak",75.1,216,9.75,32,5.22,27.5,99,4.41,7.17,81.2,"Pac-10",21,409,755,0.54,5780,7.7,35,18,129,78,-63,-0.8,3,NA,TRUE
"200",2000,"Tennessee","Tee Martin",73.6,227,10.25,30.75,4.61,34.5,113,9.99,9.99,25.3,"SEC",23,318,572,0.56,4481,7.8,31,15,134,184,604,3.3,16,NA,TRUE
"201",2000,"Texas",NA,NA,NA,NA,NA,NA,NA,NA,NA,NA,NA,NA,NA,NA,NA,NA,NA,NA,NA,NA,NA,NA,NA,NA,NA,12,FALSE
"202",2000,"Texas Christian",NA,NA,NA,NA,NA,NA,NA,NA,NA,NA,NA,NA,NA,NA,NA,NA,NA,NA,NA,NA,NA,NA,NA,NA,NA,21,FALSE
"203",2000,"Texas State","Spergon Wynn",75.4,229,10,33.25,4.95,34,108,4.59,7.71,39.5,NA,NA,NA,NA,NA,NA,NA,NA,NA,NA,NA,NA,NA,NA,NA,FALSE
"204",2000,"Virginia Tech",NA,NA,NA,NA,NA,NA,NA,NA,NA,NA,NA,NA,NA,NA,NA,NA,NA,NA,NA,NA,NA,NA,NA,NA,NA,6,FALSE
"205",2000,"Washington",NA,NA,NA,NA,NA,NA,NA,NA,NA,NA,NA,NA,NA,NA,NA,NA,NA,NA,NA,NA,NA,NA,NA,NA,NA,3,FALSE
"206",2000,"West Virginia","Marc Bulger",73.6,208,9.25,30.63,4.96,NA,100,4.34,7.46,84.4,"Big East",24,466,742,0.63,6072,8.2,45,20,146.2,85,-185,-2.2,2,NA,FALSE
"207",2000,"Wisconsin",NA,NA,NA,NA,NA,NA,NA,NA,NA,NA,NA,NA,NA,NA,NA,NA,NA,NA,NA,NA,NA,NA,NA,NA,NA,23,FALSE
"208",2000,"LSU",NA,NA,NA,NA,NA,NA,NA,NA,NA,NA,NA,NA,NA,NA,NA,NA,NA,NA,NA,NA,NA,NA,NA,NA,NA,22,FALSE
"209",2001,"Arkansas State","Cleo Lemon",74,226,NA,NA,4.87,35.5,106,4.27,7.33,71.8,"Ind",33,461,923,0.5,6254,6.8,42,25,116.5,144,-383,-2.7,2,NA,FALSE
"210",2001,"Boston College","Tim Hasselbeck",73,211,NA,NA,4.83,33,113,4.4,7.27,63.6,"Big East",21,269,489,0.55,3750,7.7,27,16,131.1,131,339,2.6,4,21,FALSE
"211",2001,"Brigham Young",NA,NA,NA,NA,NA,NA,NA,NA,NA,NA,NA,NA,NA,NA,NA,NA,NA,NA,NA,NA,NA,NA,NA,NA,NA,25,FALSE
"212",2001,"Colorado",NA,NA,NA,NA,NA,NA,NA,NA,NA,NA,NA,NA,NA,NA,NA,NA,NA,NA,NA,NA,NA,NA,NA,NA,NA,9,FALSE
"213",2001,"Florida","Jesse Palmer",74,231,9.75,31.5,4.79,35.5,112,4.29,7.13,59.8,"SEC",10,116,223,0.52,1653,7.4,11,4,127,36,-51,45.9,6,3,TRUE
"214",2001,"Florida State",NA,NA,NA,NA,NA,NA,NA,NA,NA,NA,NA,NA,NA,NA,NA,NA,NA,NA,NA,NA,NA,NA,NA,NA,NA,15,FALSE
"215",2001,"Georgia","Quincy Carter",74.1,225,9,32.5,4.61,35.5,113,4.12,7.12,71.7,"SEC",22,392,670,0.59,5197,7.8,29,15,133.5,201,539,2.7,9,22,TRUE
"216",2001,"Georgia Tech",NA,NA,NA,NA,NA,NA,NA,NA,NA,NA,NA,NA,NA,NA,NA,NA,NA,NA,NA,NA,NA,NA,NA,NA,NA,24,FALSE
"217",2001,"Illinois",NA,NA,NA,NA,NA,NA,NA,NA,NA,NA,NA,NA,NA,NA,NA,NA,NA,NA,NA,NA,NA,NA,NA,NA,NA,12,FALSE
"218",2001,"Iowa State","Sage Rosenfels",76.4,228,10.25,32,4.77,34,107,4.29,7.07,81.2,"Big 12",22,299,568,0.53,4079,7.2,18,23,115.3,158,606,3.8,14,NA,TRUE
"219",2001,"Louisville",NA,NA,NA,NA,NA,NA,NA,NA,NA,NA,NA,NA,NA,NA,NA,NA,NA,NA,NA,NA,NA,NA,NA,NA,NA,17,FALSE
"220",2001,"Maryland",NA,NA,NA,NA,NA,NA,NA,NA,NA,NA,NA,NA,NA,NA,NA,NA,NA,NA,NA,NA,NA,NA,NA,NA,NA,11,FALSE
"221",2001,"Miami (FL)",NA,NA,NA,NA,NA,NA,NA,NA,NA,NA,NA,NA,NA,NA,NA,NA,NA,NA,NA,NA,NA,NA,NA,NA,NA,1,FALSE
"222",2001,"Michigan",NA,NA,NA,NA,NA,NA,NA,NA,NA,NA,NA,NA,NA,NA,NA,NA,NA,NA,NA,NA,NA,NA,NA,NA,NA,20,FALSE
"223",2001,"Nebraska",NA,NA,NA,NA,NA,NA,NA,NA,NA,NA,NA,NA,NA,NA,NA,NA,NA,NA,NA,NA,NA,NA,NA,NA,NA,8,FALSE
"224",2001,"Oklahoma",NA,NA,NA,NA,NA,NA,NA,NA,NA,NA,NA,NA,NA,NA,NA,NA,NA,NA,NA,NA,NA,NA,NA,NA,NA,6,FALSE
"225",2001,"Oregon",NA,NA,NA,NA,NA,NA,NA,NA,NA,NA,NA,NA,NA,NA,NA,NA,NA,NA,NA,NA,NA,NA,NA,NA,NA,2,FALSE
"226",2001,"Purdue","Drew Brees",72.3,213,10.25,31,4.85,32,105,4.21,7.09,96.7,"Big Ten",37,1007,1635,0.62,11560,7.1,90,44,133.8,243,891,3.7,12,NA,FALSE
"227",2001,"Rutgers","Mike McMahon",74.4,207,9.75,32,4.55,37.5,124,4.12,7.12,55.1,"Big East",30,416,828,0.5,5619,6.8,36,45,110.7,179,193,1.1,7,NA,FALSE
"228",2001,"South Carolina",NA,NA,NA,NA,NA,NA,NA,NA,NA,NA,NA,NA,NA,NA,NA,NA,NA,NA,NA,NA,NA,NA,NA,NA,NA,13,FALSE
"229",2001,"Stanford",NA,NA,NA,NA,NA,NA,NA,NA,NA,NA,NA,NA,NA,NA,NA,NA,NA,NA,NA,NA,NA,NA,NA,NA,NA,16,FALSE
"230",2001,"Syracuse",NA,NA,NA,NA,NA,NA,NA,NA,NA,NA,NA,NA,NA,NA,NA,NA,NA,NA,NA,NA,NA,NA,NA,NA,NA,14,FALSE
"231",2001,"Tennessee",NA,NA,NA,NA,NA,NA,NA,NA,NA,NA,NA,NA,NA,NA,NA,NA,NA,NA,NA,NA,NA,NA,NA,NA,NA,4,FALSE
"232",2001,"Texas",NA,NA,NA,NA,NA,NA,NA,NA,NA,NA,NA,NA,NA,NA,NA,NA,NA,NA,NA,NA,NA,NA,NA,NA,NA,5,FALSE
"233",2001,"Toledo",NA,NA,NA,NA,NA,NA,NA,NA,NA,NA,NA,NA,NA,NA,NA,NA,NA,NA,NA,NA,NA,NA,NA,NA,NA,23,FALSE
"234",2001,"Virginia Tech",NA,NA,NA,NA,NA,NA,NA,NA,NA,NA,NA,NA,NA,NA,NA,NA,NA,NA,NA,NA,NA,NA,NA,NA,NA,18,FALSE
"235",2001,"Washington","Marques Tuiasosopo",73.1,223,9,31,4.71,35.5,115,4.35,7.36,48.1,"Pac-10",22,341,618,0.55,4367,7.1,26,22,121.3,264,935,3.5,12,19,TRUE
"236",2001,"Washington State",NA,NA,NA,NA,NA,NA,NA,NA,NA,NA,NA,NA,NA,NA,NA,NA,NA,NA,NA,NA,NA,NA,NA,NA,NA,10,FALSE
"237",2001,"LSU",NA,NA,NA,NA,NA,NA,NA,NA,NA,NA,NA,NA,NA,NA,NA,NA,NA,NA,NA,NA,NA,NA,NA,NA,NA,7,FALSE
"238",2002,"Alabama",NA,NA,NA,NA,NA,NA,NA,NA,NA,NA,NA,NA,NA,NA,NA,NA,NA,NA,NA,NA,NA,NA,NA,NA,NA,11,FALSE
"239",2002,"Auburn",NA,NA,NA,NA,NA,NA,NA,NA,NA,NA,NA,NA,NA,NA,NA,NA,NA,NA,NA,NA,NA,NA,NA,NA,NA,14,FALSE
"240",2002,"Boise State",NA,NA,NA,NA,NA,NA,NA,NA,NA,NA,NA,NA,NA,NA,NA,NA,NA,NA,NA,NA,NA,NA,NA,NA,NA,15,FALSE
"241",2002,"Colorado",NA,NA,NA,NA,NA,NA,NA,NA,NA,NA,NA,NA,NA,NA,NA,NA,NA,NA,NA,NA,NA,NA,NA,NA,NA,20,FALSE
"242",2002,"East Carolina (NC)","David Garrard",73.9,235,10.5,31,4.83,33.5,110,4.26,7.35,85.8,NA,NA,NA,NA,NA,NA,NA,NA,NA,NA,NA,NA,NA,NA,NA,FALSE
"243",2002,"Florida State",NA,NA,NA,NA,NA,NA,NA,NA,NA,NA,NA,NA,NA,NA,NA,NA,NA,NA,NA,NA,NA,NA,NA,NA,NA,21,FALSE
"244",2002,"Frenso State (CA)","David Carr",75.4,223,9.75,31.75,4.67,35,106,4.28,7.05,74.9,NA,NA,NA,NA,NA,NA,NA,NA,NA,NA,NA,NA,NA,NA,NA,FALSE
"245",2002,"Georgia",NA,NA,NA,NA,NA,NA,NA,NA,NA,NA,NA,NA,NA,NA,NA,NA,NA,NA,NA,NA,NA,NA,NA,NA,NA,3,FALSE
"246",2002,"Illinois","Kurt Kittner",74.3,211,9,31,4.86,27,97,4.5,7.34,32.5,"Big Ten",33,596,1067,0.56,7678,7.2,65,26,131.5,149,140,0.9,5,NA,FALSE
"247",2002,"Iowa",NA,NA,NA,NA,NA,NA,NA,NA,NA,NA,NA,NA,NA,NA,NA,NA,NA,NA,NA,NA,NA,NA,NA,NA,NA,8,FALSE
"248",2002,"Kansas State",NA,NA,NA,NA,NA,NA,NA,NA,NA,NA,NA,NA,NA,NA,NA,NA,NA,NA,NA,NA,NA,NA,NA,NA,NA,7,FALSE
"249",2002,"Louisiana State","Rohan Davey",74,245,9.5,33,4.74,25.5,NA,9.99,9.99,56.5,NA,NA,NA,NA,NA,NA,NA,NA,NA,NA,NA,NA,NA,NA,NA,FALSE
"250",2002,"Maryland",NA,NA,NA,NA,NA,NA,NA,NA,NA,NA,NA,NA,NA,NA,NA,NA,NA,NA,NA,NA,NA,NA,NA,NA,NA,13,FALSE
"251",2002,"Miami (FL)",NA,NA,NA,NA,NA,NA,NA,NA,NA,NA,NA,NA,NA,NA,NA,NA,NA,NA,NA,NA,NA,NA,NA,NA,NA,2,FALSE
"252",2002,"Michigan",NA,NA,NA,NA,NA,NA,NA,NA,NA,NA,NA,NA,NA,NA,NA,NA,NA,NA,NA,NA,NA,NA,NA,NA,NA,9,FALSE
"253",2002,"North Carolina State",NA,NA,NA,NA,NA,NA,NA,NA,NA,NA,NA,NA,NA,NA,NA,NA,NA,NA,NA,NA,NA,NA,NA,NA,NA,12,FALSE
"254",2002,"Notre Dame",NA,NA,NA,NA,NA,NA,NA,NA,NA,NA,NA,NA,NA,NA,NA,NA,NA,NA,NA,NA,NA,NA,NA,NA,NA,17,FALSE
"255",2002,"Ohio State",NA,NA,NA,NA,NA,NA,NA,NA,NA,NA,NA,NA,NA,NA,NA,NA,NA,NA,NA,NA,NA,NA,NA,NA,NA,1,FALSE
"256",2002,"Oklahoma",NA,NA,NA,NA,NA,NA,NA,NA,NA,NA,NA,NA,NA,NA,NA,NA,NA,NA,NA,NA,NA,NA,NA,NA,NA,5,FALSE
"257",2002,"Oregon","Joey Harrington",76,215,9.75,31.5,4.85,32,107,4.21,7,69.4,"Pac-10",24,428,769,0.56,5731,7.5,49,20,134.1,121,180,1.5,14,NA,TRUE
"258",2002,"Penn State",NA,NA,NA,NA,NA,NA,NA,NA,NA,NA,NA,NA,NA,NA,NA,NA,NA,NA,NA,NA,NA,NA,NA,NA,NA,16,FALSE
"259",2002,"Sam Houston State (TX)","Josh McCown",75.9,221,9,30.5,4.64,38.5,118,3.9,6.85,80.8,NA,NA,NA,NA,NA,NA,NA,NA,NA,NA,NA,NA,NA,NA,NA,FALSE
"260",2002,"Stanford","Randy Fasani",75.4,234,9.75,31.75,4.78,31.5,106,3.87,6.75,8.8,NA,NA,NA,NA,NA,NA,NA,NA,NA,NA,NA,NA,NA,NA,NA,FALSE
"261",2002,"Texas",NA,NA,NA,NA,NA,NA,NA,NA,NA,NA,NA,NA,NA,NA,NA,NA,NA,NA,NA,NA,NA,NA,NA,NA,NA,6,FALSE
"262",2002,"Texas Christian",NA,NA,NA,NA,NA,NA,NA,NA,NA,NA,NA,NA,NA,NA,NA,NA,NA,NA,NA,NA,NA,NA,NA,NA,NA,23,FALSE
"263",2002,"Tulane (LA)","Patrick Ramsey",74.5,219,10,31.13,5.24,33.5,111,4.09,7.12,74.9,NA,NA,NA,NA,NA,NA,NA,NA,NA,NA,NA,NA,NA,NA,NA,FALSE
"264",2002,"UC-Davis","J.T. O'Sullivan",74.1,223,9.5,31,4.93,29,105,4.28,7.46,69.9,NA,NA,NA,NA,NA,NA,NA,NA,NA,NA,NA,NA,NA,NA,NA,FALSE
"265",2002,"Virginia",NA,NA,NA,NA,NA,NA,NA,NA,NA,NA,NA,NA,NA,NA,NA,NA,NA,NA,NA,NA,NA,NA,NA,NA,NA,22,FALSE
"266",2002,"Virginia Tech",NA,NA,NA,NA,NA,NA,NA,NA,NA,NA,NA,NA,NA,NA,NA,NA,NA,NA,NA,NA,NA,NA,NA,NA,NA,18,FALSE
"267",2002,"Washington State",NA,NA,NA,NA,NA,NA,NA,NA,NA,NA,NA,NA,NA,NA,NA,NA,NA,NA,NA,NA,NA,NA,NA,NA,NA,10,FALSE
"268",2002,"West Virginia",NA,NA,NA,NA,NA,NA,NA,NA,NA,NA,NA,NA,NA,NA,NA,NA,NA,NA,NA,NA,NA,NA,NA,NA,NA,25,FALSE
"269",2002,"Marshall",NA,NA,NA,NA,NA,NA,NA,NA,NA,NA,NA,NA,NA,NA,NA,NA,NA,NA,NA,NA,NA,NA,NA,NA,NA,24,FALSE
"270",2002,"Pitt",NA,NA,NA,NA,NA,NA,NA,NA,NA,NA,NA,NA,NA,NA,NA,NA,NA,NA,NA,NA,NA,NA,NA,NA,NA,19,FALSE
"271",2002,"USC",NA,NA,NA,NA,NA,NA,NA,NA,NA,NA,NA,NA,NA,NA,NA,NA,NA,NA,NA,NA,NA,NA,NA,NA,NA,4,FALSE
"272",2003,"Boise State",NA,NA,NA,NA,NA,NA,NA,NA,NA,NA,NA,NA,NA,NA,NA,NA,NA,NA,NA,NA,NA,NA,NA,NA,NA,16,FALSE
"273",2003,"Boston College","Brian St. Pierre",75,218,NA,NA,4.82,30,106,9.99,9.99,45.6,"Big East",24,386,686,0.56,4999,7.3,43,27,130.3,135,343,2.5,1,NA,FALSE
"274",2003,"California","Kyle Boller",75,234,9.75,32.63,4.65,35.5,117,3.99,7.19,69.5,"Pac-10",43,622,1301,0.48,7980,6.1,64,48,108.2,275,-169,-0.6,6,NA,TRUE
"275",2003,"Clemson",NA,NA,NA,NA,NA,NA,NA,NA,NA,NA,NA,NA,NA,NA,NA,NA,NA,NA,NA,NA,NA,NA,NA,NA,NA,22,FALSE
"276",2003,"Eastern Illinois","Tony Romo",74,230,NA,NA,5.01,30,105,4.2,7.11,97.1,NA,NA,NA,NA,NA,NA,NA,NA,NA,NA,NA,NA,NA,NA,NA,FALSE
"277",2003,"Florida","Rex Grossman",73,217,9.25,29.25,5.06,NA,NA,9.99,9.99,71.4,"SEC",35,677,1110,0.61,9164,8.3,77,36,146.7,119,-133,-1.1,6,24,TRUE
"278",2003,"Florida State",NA,NA,NA,NA,NA,NA,NA,NA,NA,NA,NA,NA,NA,NA,NA,NA,NA,NA,NA,NA,NA,NA,NA,NA,NA,11,FALSE
"279",2003,"Georgia",NA,NA,NA,NA,NA,NA,NA,NA,NA,NA,NA,NA,NA,NA,NA,NA,NA,NA,NA,NA,NA,NA,NA,NA,NA,7,FALSE
"280",2003,"Iowa",NA,NA,NA,NA,NA,NA,NA,NA,NA,NA,NA,NA,NA,NA,NA,NA,NA,NA,NA,NA,NA,NA,NA,NA,NA,8,FALSE
"281",2003,"Iowa State","Seneca Wallace",71.4,196,9.13,30.38,4.52,38,127,4.14,6.97,80.8,"Big 12",25,411,712,0.58,5289,7.4,26,27,124.6,237,912,3.8,15,NA,TRUE
"282",2003,"Kansas State",NA,NA,NA,NA,NA,NA,NA,NA,NA,NA,NA,NA,NA,NA,NA,NA,NA,NA,NA,NA,NA,NA,NA,NA,NA,14,FALSE
"283",2003,"Louisville","Dave Ragone",75.6,249,9.75,31.5,4.98,30.5,101,4.32,7.4,47.4,"CUSA",36,684,1178,0.58,8557,7.3,74,29,134.9,324,566,1.7,9,NA,FALSE
"284",2003,"Marshall (WV)","Byron Leftwich",77.4,241,9.75,32,5.1,NA,NA,9.99,9.99,78.9,NA,NA,NA,NA,NA,NA,NA,NA,NA,NA,NA,NA,NA,NA,NA,FALSE
"285",2003,"Maryland",NA,NA,NA,NA,NA,NA,NA,NA,NA,NA,NA,NA,NA,NA,NA,NA,NA,NA,NA,NA,NA,NA,NA,NA,NA,17,FALSE
"286",2003,"Miami (FL)",NA,NA,NA,NA,NA,NA,NA,NA,NA,NA,NA,NA,NA,NA,NA,NA,NA,NA,NA,NA,NA,NA,NA,NA,NA,5,FALSE
"287",2003,"Miami (OH)",NA,NA,NA,NA,NA,NA,NA,NA,NA,NA,NA,NA,NA,NA,NA,NA,NA,NA,NA,NA,NA,NA,NA,NA,NA,10,FALSE
"288",2003,"Michigan",NA,NA,NA,NA,NA,NA,NA,NA,NA,NA,NA,NA,NA,NA,NA,NA,NA,NA,NA,NA,NA,NA,NA,NA,NA,6,FALSE
"289",2003,"Minnesota",NA,NA,NA,NA,NA,NA,NA,NA,NA,NA,NA,NA,NA,NA,NA,NA,NA,NA,NA,NA,NA,NA,NA,NA,NA,20,FALSE
"290",2003,"Nebraska",NA,NA,NA,NA,NA,NA,NA,NA,NA,NA,NA,NA,NA,NA,NA,NA,NA,NA,NA,NA,NA,NA,NA,NA,NA,19,FALSE
"291",2003,"Ohio State",NA,NA,NA,NA,NA,NA,NA,NA,NA,NA,NA,NA,NA,NA,NA,NA,NA,NA,NA,NA,NA,NA,NA,NA,NA,4,FALSE
"292",2003,"Oklahoma",NA,NA,NA,NA,NA,NA,NA,NA,NA,NA,NA,NA,NA,NA,NA,NA,NA,NA,NA,NA,NA,NA,NA,NA,NA,3,FALSE
"293",2003,"Purdue",NA,NA,NA,NA,NA,NA,NA,NA,NA,NA,NA,NA,NA,NA,NA,NA,NA,NA,NA,NA,NA,NA,NA,NA,NA,18,FALSE
"294",2003,"Southern California","Carson Palmer",77,232,9.5,32.75,4.65,NA,NA,9.99,9.99,87.9,NA,NA,NA,NA,NA,NA,NA,NA,NA,NA,NA,NA,NA,NA,NA,FALSE
"295",2003,"Tennessee",NA,NA,NA,NA,NA,NA,NA,NA,NA,NA,NA,NA,NA,NA,NA,NA,NA,NA,NA,NA,NA,NA,NA,NA,NA,15,FALSE
"296",2003,"Texas","Chris Simms",76.4,220,10.5,32.75,4.86,31,103,4.18,7.37,69.1,"Big 12",25,449,758,0.59,5810,7.7,48,23,138.4,122,-134,-1.1,10,12,TRUE
"297",2003,"Texas Christian",NA,NA,NA,NA,NA,NA,NA,NA,NA,NA,NA,NA,NA,NA,NA,NA,NA,NA,NA,NA,NA,NA,NA,NA,NA,25,FALSE
"298",2003,"Texas Tech","Kliff Kingsbury",75.5,213,8.5,32,4.76,30,101,4.07,6.91,79.2,"Big 12",37,1206,1826,0.66,11937,6.5,91,39,133.1,246,-143,-0.6,4,NA,TRUE
"299",2003,"Utah",NA,NA,NA,NA,NA,NA,NA,NA,NA,NA,NA,NA,NA,NA,NA,NA,NA,NA,NA,NA,NA,NA,NA,NA,NA,21,FALSE
"300",2003,"Washington State",NA,NA,NA,NA,NA,NA,NA,NA,NA,NA,NA,NA,NA,NA,NA,NA,NA,NA,NA,NA,NA,NA,NA,NA,NA,9,FALSE
"301",2003,"Bowling Green State",NA,NA,NA,NA,NA,NA,NA,NA,NA,NA,NA,NA,NA,NA,NA,NA,NA,NA,NA,NA,NA,NA,NA,NA,NA,23,FALSE
"302",2003,"LSU",NA,NA,NA,NA,NA,NA,NA,NA,NA,NA,NA,NA,NA,NA,NA,NA,NA,NA,NA,NA,NA,NA,NA,NA,NA,2,FALSE
"303",2003,"Ole Miss",NA,NA,NA,NA,NA,NA,NA,NA,NA,NA,NA,NA,NA,NA,NA,NA,NA,NA,NA,NA,NA,NA,NA,NA,NA,13,FALSE
"304",2003,"USC",NA,NA,NA,NA,NA,NA,NA,NA,NA,NA,NA,NA,NA,NA,NA,NA,NA,NA,NA,NA,NA,NA,NA,NA,NA,1,FALSE
"305",2004,"Arizona State",NA,NA,NA,NA,NA,NA,NA,NA,NA,NA,NA,NA,NA,NA,NA,NA,NA,NA,NA,NA,NA,NA,NA,NA,NA,19,FALSE
"306",2004,"Auburn",NA,NA,NA,NA,NA,NA,NA,NA,NA,NA,NA,NA,NA,NA,NA,NA,NA,NA,NA,NA,NA,NA,NA,NA,NA,2,FALSE
"307",2004,"Boise State",NA,NA,NA,NA,NA,NA,NA,NA,NA,NA,NA,NA,NA,NA,NA,NA,NA,NA,NA,NA,NA,NA,NA,NA,NA,12,FALSE
"308",2004,"Boston College",NA,NA,NA,NA,NA,NA,NA,NA,NA,NA,NA,NA,NA,NA,NA,NA,NA,NA,NA,NA,NA,NA,NA,NA,NA,21,FALSE
"309",2004,"California",NA,NA,NA,NA,NA,NA,NA,NA,NA,NA,NA,NA,NA,NA,NA,NA,NA,NA,NA,NA,NA,NA,NA,NA,NA,9,FALSE
"310",2004,"Colorado State","Bradlee Van Pelt",74.3,231,9.63,30.63,4.96,33.5,115,4.11,6.89,26.6,"MWC",38,424,778,0.54,6165,7.9,37,30,129,420,2274,5.4,25,NA,FALSE
"311",2004,"Florida State",NA,NA,NA,NA,NA,NA,NA,NA,NA,NA,NA,NA,NA,NA,NA,NA,NA,NA,NA,NA,NA,NA,NA,NA,NA,15,FALSE
"312",2004,"Georgia",NA,NA,NA,NA,NA,NA,NA,NA,NA,NA,NA,NA,NA,NA,NA,NA,NA,NA,NA,NA,NA,NA,NA,NA,NA,7,FALSE
"313",2004,"Iowa",NA,NA,NA,NA,NA,NA,NA,NA,NA,NA,NA,NA,NA,NA,NA,NA,NA,NA,NA,NA,NA,NA,NA,NA,NA,8,FALSE
"314",2004,"Louisiana Tech","Luke McCown",75.9,208,9.38,31.38,4.71,37.5,125,4.21,6.74,71.3,"WAC",35,819,1406,0.58,10122,7.2,66,47,127.5,219,94,0.4,7,NA,FALSE
"315",2004,"Louisville",NA,NA,NA,NA,NA,NA,NA,NA,NA,NA,NA,NA,NA,NA,NA,NA,NA,NA,NA,NA,NA,NA,NA,NA,NA,6,FALSE
"316",2004,"Miami (FL)",NA,NA,NA,NA,NA,NA,NA,NA,NA,NA,NA,NA,NA,NA,NA,NA,NA,NA,NA,NA,NA,NA,NA,NA,NA,11,FALSE
"317",2004,"Miami (OH)","Ben Roethlisberger",76.9,241,9.38,31.5,4.75,NA,NA,9.99,9.99,94,"MAC",38,854,1304,0.65,10829,8.3,84,34,151.3,269,246,0.9,7,NA,FALSE
"318",2004,"Michigan","John Navarre",78,246,9,31.38,5.18,26.5,100,4.46,7.73,43.9,"Big Ten",37,704,1250,0.56,8431,6.7,62,29,124.7,133,-207,-1.6,2,14,FALSE
"319",2004,"Mississippi","Eli Manning",76.8,221,9.13,30.25,4.9,NA,NA,9.99,9.99,83.5,NA,NA,NA,NA,NA,NA,NA,NA,NA,NA,NA,NA,NA,NA,NA,FALSE
"320",2004,"Navy",NA,NA,NA,NA,NA,NA,NA,NA,NA,NA,NA,NA,NA,NA,NA,NA,NA,NA,NA,NA,NA,NA,NA,NA,NA,24,FALSE
"321",2004,"North Carolina State","Philip Rivers",77,229,9.25,32.13,5.08,NA,NA,9.99,9.99,94.8,"ACC",49,1087,1710,0.64,13484,7.9,95,34,144.2,252,96,0.4,17,NA,TRUE
"322",2004,"Ohio State","Craig Krenzel",75.5,228,9.13,32.75,4.84,28,112,4.08,7.22,52.5,"Big Ten",25,301,527,0.57,4150,7.9,27,17,133.7,234,623,2.7,6,20,FALSE
"323",2004,"Oklahoma",NA,NA,NA,NA,NA,NA,NA,NA,NA,NA,NA,NA,NA,NA,NA,NA,NA,NA,NA,NA,NA,NA,NA,NA,NA,3,FALSE
"324",2004,"Tennessee",NA,NA,NA,NA,NA,NA,NA,NA,NA,NA,NA,NA,NA,NA,NA,NA,NA,NA,NA,NA,NA,NA,NA,NA,NA,13,FALSE
"325",2004,"Texas",NA,NA,NA,NA,NA,NA,NA,NA,NA,NA,NA,NA,NA,NA,NA,NA,NA,NA,NA,NA,NA,NA,NA,NA,NA,5,FALSE
"326",2004,"Texas Tech",NA,NA,NA,NA,NA,NA,NA,NA,NA,NA,NA,NA,NA,NA,NA,NA,NA,NA,NA,NA,NA,NA,NA,NA,NA,18,FALSE
"327",2004,"Tulane (LA)","J.P. Losman",74.3,224,9,31.5,4.7,33,116,9.99,9.99,75.6,NA,NA,NA,NA,NA,NA,NA,NA,NA,NA,NA,NA,NA,NA,NA,FALSE
"328",2004,"Utah",NA,NA,NA,NA,NA,NA,NA,NA,NA,NA,NA,NA,NA,NA,NA,NA,NA,NA,NA,NA,NA,NA,NA,NA,NA,4,FALSE
"329",2004,"Virginia","Matt Schaub",77.6,243,9.38,31.38,5.05,30.5,110,4.62,7.65,89.1,"ACC",37,709,1061,0.67,7452,7,56,25,138.5,129,59,0.5,5,23,TRUE
"330",2004,"Virginia Tech",NA,NA,NA,NA,NA,NA,NA,NA,NA,NA,NA,NA,NA,NA,NA,NA,NA,NA,NA,NA,NA,NA,NA,NA,NA,10,FALSE
"331",2004,"Washington","Cody Pickett",75.5,233,9.63,31.38,4.8,30.5,109,4.3,7.19,16.4,"Pac-10",35,791,1367,0.58,9904,7.2,53,41,125.5,249,-186,-0.7,11,NA,TRUE
"332",2004,"Wisconsin",NA,NA,NA,NA,NA,NA,NA,NA,NA,NA,NA,NA,NA,NA,NA,NA,NA,NA,NA,NA,NA,NA,NA,NA,NA,17,FALSE
"333",2004,"Fresno State",NA,NA,NA,NA,NA,NA,NA,NA,NA,NA,NA,NA,NA,NA,NA,NA,NA,NA,NA,NA,NA,NA,NA,NA,NA,22,FALSE
"334",2004,"LSU",NA,NA,NA,NA,NA,NA,NA,NA,NA,NA,NA,NA,NA,NA,NA,NA,NA,NA,NA,NA,NA,NA,NA,NA,NA,16,FALSE
"335",2004,"Pitt",NA,NA,NA,NA,NA,NA,NA,NA,NA,NA,NA,NA,NA,NA,NA,NA,NA,NA,NA,NA,NA,NA,NA,NA,NA,25,FALSE
"336",2004,"USC",NA,NA,NA,NA,NA,NA,NA,NA,NA,NA,NA,NA,NA,NA,NA,NA,NA,NA,NA,NA,NA,NA,NA,NA,NA,1,FALSE
"337",2005,"Akron","Charlie Frye",75.88,225,8.88,31.13,4.85,33,109,4.08,6.94,70.7,"MAC",46,913,1436,0.64,11049,7.7,64,32,138.5,375,429,1.1,19,NA,FALSE
"338",2005,"Alabama",NA,NA,NA,NA,NA,NA,NA,NA,NA,NA,NA,NA,NA,NA,NA,NA,NA,NA,NA,NA,NA,NA,NA,NA,NA,8,FALSE
"339",2005,"Auburn","Jason Campbell",76.75,230,9.63,33.63,4.72,NA,NA,9.99,7.42,81.7,"SEC",26,369,563,0.66,4967,8.8,30,15,151.9,131,29,0.2,4,14,TRUE
"340",2005,"Boston College",NA,NA,NA,NA,NA,NA,NA,NA,NA,NA,NA,NA,NA,NA,NA,NA,NA,NA,NA,NA,NA,NA,NA,NA,NA,18,FALSE
"341",2005,"California","Aaron Rodgers",74,223,10.13,32.25,4.75,34.5,110,9.99,7.38,103.8,"Pac-10",25,424,665,0.64,5469,8.2,43,13,150.3,160,336,2.1,8,25,TRUE
"342",2005,"Clemson",NA,NA,NA,NA,NA,NA,NA,NA,NA,NA,NA,NA,NA,NA,NA,NA,NA,NA,NA,NA,NA,NA,NA,NA,NA,21,FALSE
"343",2005,"Connecticut","Dan Orlovsky",77,225,9.63,31.88,4.98,29.5,105,4.39,7.33,75.3,"Ind",46,916,1567,0.58,10706,6.8,84,51,127,143,-285,-2,6,NA,FALSE
"344",2005,"Florida",NA,NA,NA,NA,NA,NA,NA,NA,NA,NA,NA,NA,NA,NA,NA,NA,NA,NA,NA,NA,NA,NA,NA,NA,NA,12,FALSE
"345",2005,"Florida State",NA,NA,NA,NA,NA,NA,NA,NA,NA,NA,NA,NA,NA,NA,NA,NA,NA,NA,NA,NA,NA,NA,NA,NA,NA,23,FALSE
"346",2005,"Georgia",NA,NA,NA,NA,NA,NA,NA,NA,NA,NA,NA,NA,NA,NA,NA,NA,NA,NA,NA,NA,NA,NA,NA,NA,NA,10,FALSE
"347",2005,"Harvard","Ryan Fitzpatrick",74.38,232,10.75,31.13,4.87,30.5,103,4.07,7.09,79.9,NA,NA,NA,NA,NA,NA,NA,NA,NA,NA,NA,NA,NA,NA,NA,FALSE
"348",2005,"Louisville",NA,NA,NA,NA,NA,NA,NA,NA,NA,NA,NA,NA,NA,NA,NA,NA,NA,NA,NA,NA,NA,NA,NA,NA,NA,19,FALSE
"349",2005,"Miami (FL)","Brock Berlin",73.5,221,9.5,30.88,4.89,29,106,4.54,7.49,58.4,"Big East",25,406,700,0.58,5099,7.3,34,23,128.6,74,-115,-1.6,0,17,FALSE
"350",2005,"Nebraska",NA,NA,NA,NA,NA,NA,NA,NA,NA,NA,NA,NA,NA,NA,NA,NA,NA,NA,NA,NA,NA,NA,NA,NA,NA,24,FALSE
"351",2005,"Notre Dame",NA,NA,NA,NA,NA,NA,NA,NA,NA,NA,NA,NA,NA,NA,NA,NA,NA,NA,NA,NA,NA,NA,NA,NA,NA,9,FALSE
"352",2005,"Ohio State",NA,NA,NA,NA,NA,NA,NA,NA,NA,NA,NA,NA,NA,NA,NA,NA,NA,NA,NA,NA,NA,NA,NA,NA,NA,4,FALSE
"353",2005,"Oklahoma",NA,NA,NA,NA,NA,NA,NA,NA,NA,NA,NA,NA,NA,NA,NA,NA,NA,NA,NA,NA,NA,NA,NA,NA,NA,22,FALSE
"354",2005,"Oregon",NA,NA,NA,NA,NA,NA,NA,NA,NA,NA,NA,NA,NA,NA,NA,NA,NA,NA,NA,NA,NA,NA,NA,NA,NA,12,FALSE
"355",2005,"Oregon State","Derek Anderson",78.13,242,9.88,33,5.06,29,101,4.62,7.67,71.1,"Pac-10",38,751,1474,0.51,10986,7.5,78,54,123.7,177,-508,-2.9,8,NA,TRUE
"356",2005,"Penn State",NA,NA,NA,NA,NA,NA,NA,NA,NA,NA,NA,NA,NA,NA,NA,NA,NA,NA,NA,NA,NA,NA,NA,NA,NA,3,FALSE
"357",2005,"Purdue","Kyle Orton",76,233,10,30.25,5.11,26.5,NA,4.52,7.38,81.5,"Big Ten",37,679,1120,0.61,8232,7.3,59,21,136,235,396,1.7,6,NA,FALSE
"358",2005,"Texas",NA,NA,NA,NA,NA,NA,NA,NA,NA,NA,NA,NA,NA,NA,NA,NA,NA,NA,NA,NA,NA,NA,NA,NA,NA,1,FALSE
"359",2005,"Texas Christian",NA,NA,NA,NA,NA,NA,NA,NA,NA,NA,NA,NA,NA,NA,NA,NA,NA,NA,NA,NA,NA,NA,NA,NA,NA,11,FALSE
"360",2005,"Texas Tech",NA,NA,NA,NA,NA,NA,NA,NA,NA,NA,NA,NA,NA,NA,NA,NA,NA,NA,NA,NA,NA,NA,NA,NA,NA,20,FALSE
"361",2005,"UCLA",NA,NA,NA,NA,NA,NA,NA,NA,NA,NA,NA,NA,NA,NA,NA,NA,NA,NA,NA,NA,NA,NA,NA,NA,NA,16,FALSE
"362",2005,"Utah","Alex Smith",76.13,217,9.13,31.75,4.78,32,113,3.96,6.82,87.4,"MWC",23,387,583,0.66,5199,8.9,47,7,165.5,284,1083,3.8,15,NA,FALSE
"363",2005,"Virginia Tech",NA,NA,NA,NA,NA,NA,NA,NA,NA,NA,NA,NA,NA,NA,NA,NA,NA,NA,NA,NA,NA,NA,NA,NA,NA,7,FALSE
"364",2005,"West Virginia",NA,NA,NA,NA,NA,NA,NA,NA,NA,NA,NA,NA,NA,NA,NA,NA,NA,NA,NA,NA,NA,NA,NA,NA,NA,5,FALSE
"365",2005,"Wisconsin",NA,NA,NA,NA,NA,NA,NA,NA,NA,NA,NA,NA,NA,NA,NA,NA,NA,NA,NA,NA,NA,NA,NA,NA,NA,15,FALSE
"366",2005,"LSU",NA,NA,NA,NA,NA,NA,NA,NA,NA,NA,NA,NA,NA,NA,NA,NA,NA,NA,NA,NA,NA,NA,NA,NA,NA,6,FALSE
"367",2005,"USC",NA,NA,NA,NA,NA,NA,NA,NA,NA,NA,NA,NA,NA,NA,NA,NA,NA,NA,NA,NA,NA,NA,NA,NA,NA,2,FALSE
"368",2006,"Alabama","Brodie Croyle",74.5,205,9.88,31.13,4.94,30.5,104,4.25,7.34,67.8,"SEC",24,384,680,0.56,4802,7.1,30,17,125.3,136,-148,-1.1,1,NA,TRUE
"369",2006,"Alabama State","Tarvaris Jackson",74,226,9.38,31.75,4.7,31.5,107,4.38,7.4,78.5,NA,NA,NA,NA,NA,NA,NA,NA,NA,NA,NA,NA,NA,NA,NA,FALSE
"370",2006,"Arkansas",NA,NA,NA,NA,NA,NA,NA,NA,NA,NA,NA,NA,NA,NA,NA,NA,NA,NA,NA,NA,NA,NA,NA,NA,NA,15,FALSE
"371",2006,"Auburn",NA,NA,NA,NA,NA,NA,NA,NA,NA,NA,NA,NA,NA,NA,NA,NA,NA,NA,NA,NA,NA,NA,NA,NA,NA,9,FALSE
"372",2006,"Boise State",NA,NA,NA,NA,NA,NA,NA,NA,NA,NA,NA,NA,NA,NA,NA,NA,NA,NA,NA,NA,NA,NA,NA,NA,NA,5,FALSE
"373",2006,"Boston College",NA,NA,NA,NA,NA,NA,NA,NA,NA,NA,NA,NA,NA,NA,NA,NA,NA,NA,NA,NA,NA,NA,NA,NA,NA,20,FALSE
"374",2006,"Brigham Young",NA,NA,NA,NA,NA,NA,NA,NA,NA,NA,NA,NA,NA,NA,NA,NA,NA,NA,NA,NA,NA,NA,NA,NA,NA,16,FALSE
"375",2006,"California",NA,NA,NA,NA,NA,NA,NA,NA,NA,NA,NA,NA,NA,NA,NA,NA,NA,NA,NA,NA,NA,NA,NA,NA,NA,14,FALSE
"376",2006,"Clemson","Charlie Whitehurst",76.75,223,9.38,32.38,4.76,33,112,4.11,7,74.9,"ACC",35,694,1154,0.6,8111,7,39,40,123.4,223,118,0.5,8,NA,TRUE
"377",2006,"Florida",NA,NA,NA,NA,NA,NA,NA,NA,NA,NA,NA,NA,NA,NA,NA,NA,NA,NA,NA,NA,NA,NA,NA,NA,NA,1,FALSE
"378",2006,"Georgia",NA,NA,NA,NA,NA,NA,NA,NA,NA,NA,NA,NA,NA,NA,NA,NA,NA,NA,NA,NA,NA,NA,NA,NA,NA,23,FALSE
"379",2006,"Louisville",NA,NA,NA,NA,NA,NA,NA,NA,NA,NA,NA,NA,NA,NA,NA,NA,NA,NA,NA,NA,NA,NA,NA,NA,NA,6,FALSE
"380",2006,"Michigan",NA,NA,NA,NA,NA,NA,NA,NA,NA,NA,NA,NA,NA,NA,NA,NA,NA,NA,NA,NA,NA,NA,NA,NA,NA,8,FALSE
"381",2006,"Northwestern","Brett Basanez",73.25,220,9,30.63,4.79,34,114,4.22,6.75,30.9,"Big Ten",47,913,1584,0.58,10580,6.7,44,36,118.4,391,996,2.5,18,NA,FALSE
"382",2006,"Notre Dame",NA,NA,NA,NA,NA,NA,NA,NA,NA,NA,NA,NA,NA,NA,NA,NA,NA,NA,NA,NA,NA,NA,NA,NA,NA,17,FALSE
"383",2006,"Ohio State",NA,NA,NA,NA,NA,NA,NA,NA,NA,NA,NA,NA,NA,NA,NA,NA,NA,NA,NA,NA,NA,NA,NA,NA,NA,2,FALSE
"384",2006,"Oklahoma",NA,NA,NA,NA,NA,NA,NA,NA,NA,NA,NA,NA,NA,NA,NA,NA,NA,NA,NA,NA,NA,NA,NA,NA,NA,11,FALSE
"385",2006,"Oregon","Kellen Clemens",73.63,224,9.38,30.5,4.89,NA,NA,9.99,9.99,68.9,"Pac-10",24,405,676,0.6,4948,7.3,40,19,135.3,196,298,1.5,6,NA,TRUE
"386",2006,"Oregon State",NA,NA,NA,NA,NA,NA,NA,NA,NA,NA,NA,NA,NA,NA,NA,NA,NA,NA,NA,NA,NA,NA,NA,NA,NA,21,FALSE
"387",2006,"Penn State",NA,NA,NA,NA,NA,NA,NA,NA,NA,NA,NA,NA,NA,NA,NA,NA,NA,NA,NA,NA,NA,NA,NA,NA,NA,24,FALSE
"388",2006,"Rutgers",NA,NA,NA,NA,NA,NA,NA,NA,NA,NA,NA,NA,NA,NA,NA,NA,NA,NA,NA,NA,NA,NA,NA,NA,NA,12,FALSE
"389",2006,"Southern California","Matt Leinart",76.88,223,10.13,33.5,4.9,NA,NA,9.99,9.99,70.2,NA,NA,NA,NA,NA,NA,NA,NA,NA,NA,NA,NA,NA,NA,NA,FALSE
"390",2006,"Tennessee",NA,NA,NA,NA,NA,NA,NA,NA,NA,NA,NA,NA,NA,NA,NA,NA,NA,NA,NA,NA,NA,NA,NA,NA,NA,25,FALSE
"391",2006,"Texas","Vince Young",76.6,229,9.13,33.25,4.48,NA,NA,9.99,9.99,74.4,"Big 12",25,360,575,0.63,4885,8.5,38,21,148.5,322,2129,6.6,26,13,TRUE
"392",2006,"Texas Christian",NA,NA,NA,NA,NA,NA,NA,NA,NA,NA,NA,NA,NA,NA,NA,NA,NA,NA,NA,NA,NA,NA,NA,NA,NA,22,FALSE
"393",2006,"Toledo","Bruce Gradkowski",73.38,217,9,30.25,4.63,34,107,4.16,7.12,65.8,"MAC",36,764,1120,0.68,9197,8.2,85,27,157.4,243,986,4.1,14,NA,FALSE
"394",2006,"Vanderbilt","Jay Cutler",75.25,226,9.38,31.5,4.81,NA,NA,4.26,7.1,85.3,"SEC",45,710,1242,0.57,8697,7,59,36,125.9,453,1256,2.8,17,NA,TRUE
"395",2006,"Virginia Tech",NA,NA,NA,NA,NA,NA,NA,NA,NA,NA,NA,NA,NA,NA,NA,NA,NA,NA,NA,NA,NA,NA,NA,NA,NA,19,FALSE
"396",2006,"Wake Forest",NA,NA,NA,NA,NA,NA,NA,NA,NA,NA,NA,NA,NA,NA,NA,NA,NA,NA,NA,NA,NA,NA,NA,NA,NA,18,FALSE
"397",2006,"West Virginia",NA,NA,NA,NA,NA,NA,NA,NA,NA,NA,NA,NA,NA,NA,NA,NA,NA,NA,NA,NA,NA,NA,NA,NA,NA,10,FALSE
"398",2006,"Wisconsin",NA,NA,NA,NA,NA,NA,NA,NA,NA,NA,NA,NA,NA,NA,NA,NA,NA,NA,NA,NA,NA,NA,NA,NA,NA,7,FALSE
"399",2006,"LSU",NA,NA,NA,NA,NA,NA,NA,NA,NA,NA,NA,NA,NA,NA,NA,NA,NA,NA,NA,NA,NA,NA,NA,NA,NA,3,FALSE
"400",2006,"USC",NA,NA,NA,NA,NA,NA,NA,NA,NA,NA,NA,NA,NA,NA,NA,NA,NA,NA,NA,NA,NA,NA,NA,NA,NA,4,FALSE
"401",2007,"Arizona State",NA,NA,NA,NA,NA,NA,NA,NA,NA,NA,NA,NA,NA,NA,NA,NA,NA,NA,NA,NA,NA,NA,NA,NA,NA,16,FALSE
"402",2007,"Auburn",NA,NA,NA,NA,NA,NA,NA,NA,NA,NA,NA,NA,NA,NA,NA,NA,NA,NA,NA,NA,NA,NA,NA,NA,NA,15,FALSE
"403",2007,"Boston College",NA,NA,NA,NA,NA,NA,NA,NA,NA,NA,NA,NA,NA,NA,NA,NA,NA,NA,NA,NA,NA,NA,NA,NA,NA,10,FALSE
"404",2007,"Brigham Young","John Beck",74.13,215,9.5,31.75,4.78,29.5,111,4.17,6.81,67.6,"MWC",35,812,1273,0.64,10157,8,74,29,145.4,213,17,0.1,8,14,FALSE
"405",2007,"Cincinnati",NA,NA,NA,NA,NA,NA,NA,NA,NA,NA,NA,NA,NA,NA,NA,NA,NA,NA,NA,NA,NA,NA,NA,NA,NA,17,FALSE
"406",2007,"Clemson",NA,NA,NA,NA,NA,NA,NA,NA,NA,NA,NA,NA,NA,NA,NA,NA,NA,NA,NA,NA,NA,NA,NA,NA,NA,21,FALSE
"407",2007,"Florida",NA,NA,NA,NA,NA,NA,NA,NA,NA,NA,NA,NA,NA,NA,NA,NA,NA,NA,NA,NA,NA,NA,NA,NA,NA,13,FALSE
"408",2007,"Georgia",NA,NA,NA,NA,NA,NA,NA,NA,NA,NA,NA,NA,NA,NA,NA,NA,NA,NA,NA,NA,NA,NA,NA,NA,NA,2,FALSE
"409",2007,"Hawaii",NA,NA,NA,NA,NA,NA,NA,NA,NA,NA,NA,NA,NA,NA,NA,NA,NA,NA,NA,NA,NA,NA,NA,NA,NA,19,FALSE
"410",2007,"Houston","Kevin Kolb",75.13,218,9.88,32.25,4.89,32.5,112,4.44,6.94,78.9,"CUSA",50,964,1565,0.62,12964,8.3,85,31,145.1,472,751,1.6,21,NA,FALSE
"411",2007,"Idaho State","Matt Gutierrez",76.25,232,9.63,33.75,5.04,29.5,108,4.28,6.99,122.9,NA,NA,NA,NA,NA,NA,NA,NA,NA,NA,NA,NA,NA,NA,NA,FALSE
"412",2007,"Illinois",NA,NA,NA,NA,NA,NA,NA,NA,NA,NA,NA,NA,NA,NA,NA,NA,NA,NA,NA,NA,NA,NA,NA,NA,NA,20,FALSE
"413",2007,"Louisiana State","JaMarcus Russell",77.5,265,9.63,35,4.83,NA,NA,9.99,9.99,65.2,NA,NA,NA,NA,NA,NA,NA,NA,NA,NA,NA,NA,NA,NA,NA,FALSE
"414",2007,"Michigan",NA,NA,NA,NA,NA,NA,NA,NA,NA,NA,NA,NA,NA,NA,NA,NA,NA,NA,NA,NA,NA,NA,NA,NA,NA,18,FALSE
"415",2007,"Michigan State","Drew Stanton",75.25,226,9.63,32,4.77,30.5,108,4.41,6.77,66.3,"Big Ten",32,541,843,0.64,6485,7.7,42,28,138.6,327,1470,4.5,14,NA,FALSE
"416",2007,"Missouri",NA,NA,NA,NA,NA,NA,NA,NA,NA,NA,NA,NA,NA,NA,NA,NA,NA,NA,NA,NA,NA,NA,NA,NA,NA,4,FALSE
"417",2007,"Notre Dame","Brady Quinn",75.75,232,10.25,32.5,4.73,NA,NA,9.99,9.99,64.4,"Ind",49,929,1602,0.58,11762,7.3,95,39,134.4,254,182,0.7,6,NA,FALSE
"418",2007,"Ohio State",NA,NA,NA,NA,NA,NA,NA,NA,NA,NA,NA,NA,NA,NA,NA,NA,NA,NA,NA,NA,NA,NA,NA,NA,NA,5,FALSE
"419",2007,"Oklahoma",NA,NA,NA,NA,NA,NA,NA,NA,NA,NA,NA,NA,NA,NA,NA,NA,NA,NA,NA,NA,NA,NA,NA,NA,NA,8,FALSE
"420",2007,"Oregon",NA,NA,NA,NA,NA,NA,NA,NA,NA,NA,NA,NA,NA,NA,NA,NA,NA,NA,NA,NA,NA,NA,NA,NA,NA,23,FALSE
"421",2007,"Oregon State",NA,NA,NA,NA,NA,NA,NA,NA,NA,NA,NA,NA,NA,NA,NA,NA,NA,NA,NA,NA,NA,NA,NA,NA,NA,25,FALSE
"422",2007,"Pittsburgh","Tyler Palko",73.38,215,9.5,32.5,4.88,31.5,112,4.36,7.05,60.7,NA,NA,NA,NA,NA,NA,NA,NA,NA,NA,NA,NA,NA,NA,NA,FALSE
"423",2007,"Stanford","Trent Edwards",76.13,231,10,32.38,4.78,NA,NA,4.46,7.14,76.5,"Pac-10",20,316,539,0.59,3652,6.8,26,18,124.8,142,185,1.3,1,NA,TRUE
"424",2007,"Tennessee",NA,NA,NA,NA,NA,NA,NA,NA,NA,NA,NA,NA,NA,NA,NA,NA,NA,NA,NA,NA,NA,NA,NA,NA,NA,12,FALSE
"425",2007,"Texas",NA,NA,NA,NA,NA,NA,NA,NA,NA,NA,NA,NA,NA,NA,NA,NA,NA,NA,NA,NA,NA,NA,NA,NA,NA,10,FALSE
"426",2007,"Texas Tech",NA,NA,NA,NA,NA,NA,NA,NA,NA,NA,NA,NA,NA,NA,NA,NA,NA,NA,NA,NA,NA,NA,NA,NA,NA,22,FALSE
"427",2007,"Texas-El Paso","Jordan Palmer",77.63,231,10,33.38,4.99,30.5,104,4.58,7.32,22,NA,NA,NA,NA,NA,NA,NA,NA,NA,NA,NA,NA,NA,NA,NA,FALSE
"428",2007,"Virginia Tech",NA,NA,NA,NA,NA,NA,NA,NA,NA,NA,NA,NA,NA,NA,NA,NA,NA,NA,NA,NA,NA,NA,NA,NA,NA,9,FALSE
"429",2007,"West Virginia",NA,NA,NA,NA,NA,NA,NA,NA,NA,NA,NA,NA,NA,NA,NA,NA,NA,NA,NA,NA,NA,NA,NA,NA,NA,6,FALSE
"430",2007,"Wisconsin",NA,NA,NA,NA,NA,NA,NA,NA,NA,NA,NA,NA,NA,NA,NA,NA,NA,NA,NA,NA,NA,NA,NA,NA,NA,24,FALSE
"431",2007,"Kansas",NA,NA,NA,NA,NA,NA,NA,NA,NA,NA,NA,NA,NA,NA,NA,NA,NA,NA,NA,NA,NA,NA,NA,NA,NA,7,FALSE
"432",2007,"LSU",NA,NA,NA,NA,NA,NA,NA,NA,NA,NA,NA,NA,NA,NA,NA,NA,NA,NA,NA,NA,NA,NA,NA,NA,NA,1,FALSE
"433",2007,"USC",NA,NA,NA,NA,NA,NA,NA,NA,NA,NA,NA,NA,NA,NA,NA,NA,NA,NA,NA,NA,NA,NA,NA,NA,NA,3,FALSE
"434",2008,"Alabama",NA,NA,NA,NA,NA,NA,NA,NA,NA,NA,NA,NA,NA,NA,NA,NA,NA,NA,NA,NA,NA,NA,NA,NA,NA,6,FALSE
"435",2008,"Boise State",NA,NA,NA,NA,NA,NA,NA,NA,NA,NA,NA,NA,NA,NA,NA,NA,NA,NA,NA,NA,NA,NA,NA,NA,NA,11,FALSE
"436",2008,"Boston College","Matt Ryan",76.75,228,9.5,32.63,4.94,NA,NA,4.51,7.4,93.4,"ACC",36,772,1276,0.61,8963,7,54,34,128.1,156,61,0.4,11,NA,TRUE
"437",2008,"Brigham Young",NA,NA,NA,NA,NA,NA,NA,NA,NA,NA,NA,NA,NA,NA,NA,NA,NA,NA,NA,NA,NA,NA,NA,NA,NA,25,FALSE
"438",2008,"Cincinnati",NA,NA,NA,NA,NA,NA,NA,NA,NA,NA,NA,NA,NA,NA,NA,NA,NA,NA,NA,NA,NA,NA,NA,NA,NA,17,FALSE
"439",2008,"Delaware","Joe Flacco",78.38,236,9.63,33.13,4.86,28.5,110,4.27,6.82,84.1,NA,NA,NA,NA,NA,NA,NA,NA,NA,NA,NA,NA,NA,NA,NA,FALSE
"440",2008,"Florida",NA,NA,NA,NA,NA,NA,NA,NA,NA,NA,NA,NA,NA,NA,NA,NA,NA,NA,NA,NA,NA,NA,NA,NA,NA,1,FALSE
"441",2008,"Florida State",NA,NA,NA,NA,NA,NA,NA,NA,NA,NA,NA,NA,NA,NA,NA,NA,NA,NA,NA,NA,NA,NA,NA,NA,NA,21,FALSE
"442",2008,"Georgia",NA,NA,NA,NA,NA,NA,NA,NA,NA,NA,NA,NA,NA,NA,NA,NA,NA,NA,NA,NA,NA,NA,NA,NA,NA,13,FALSE
"443",2008,"Georgia Tech",NA,NA,NA,NA,NA,NA,NA,NA,NA,NA,NA,NA,NA,NA,NA,NA,NA,NA,NA,NA,NA,NA,NA,NA,NA,22,FALSE
"444",2008,"Iowa",NA,NA,NA,NA,NA,NA,NA,NA,NA,NA,NA,NA,NA,NA,NA,NA,NA,NA,NA,NA,NA,NA,NA,NA,NA,20,FALSE
"445",2008,"Louisiana State","Matt Flynn",74.25,231,9,31.5,4.81,28,109,4.34,7.21,86.1,NA,NA,NA,NA,NA,NA,NA,NA,NA,NA,NA,NA,NA,NA,NA,FALSE
"446",2008,"Louisville","Brian Brohm",74.88,230,9.75,30,4.85,30,115,4.55,7.13,25.5,"Big East",33,714,1087,0.66,9956,9.2,65,22,158.3,145,-37,-0.3,7,NA,FALSE
"447",2008,"Michigan","Chad Henne",74.88,230,9,31.63,4.95,25.5,106,4.4,7.17,75.5,"Big Ten",47,828,1387,0.6,9715,7,87,37,133.9,180,-315,-1.8,3,NA,FALSE
"448",2008,"Michigan State",NA,NA,NA,NA,NA,NA,NA,NA,NA,NA,NA,NA,NA,NA,NA,NA,NA,NA,NA,NA,NA,NA,NA,NA,NA,24,FALSE
"449",2008,"Missouri",NA,NA,NA,NA,NA,NA,NA,NA,NA,NA,NA,NA,NA,NA,NA,NA,NA,NA,NA,NA,NA,NA,NA,NA,NA,19,FALSE
"450",2008,"Ohio State",NA,NA,NA,NA,NA,NA,NA,NA,NA,NA,NA,NA,NA,NA,NA,NA,NA,NA,NA,NA,NA,NA,NA,NA,NA,9,FALSE
"451",2008,"Oklahoma",NA,NA,NA,NA,NA,NA,NA,NA,NA,NA,NA,NA,NA,NA,NA,NA,NA,NA,NA,NA,NA,NA,NA,NA,NA,5,FALSE
"452",2008,"Oklahoma State",NA,NA,NA,NA,NA,NA,NA,NA,NA,NA,NA,NA,NA,NA,NA,NA,NA,NA,NA,NA,NA,NA,NA,NA,NA,16,FALSE
"453",2008,"Oregon",NA,NA,NA,NA,NA,NA,NA,NA,NA,NA,NA,NA,NA,NA,NA,NA,NA,NA,NA,NA,NA,NA,NA,NA,NA,10,FALSE
"454",2008,"Oregon State",NA,NA,NA,NA,NA,NA,NA,NA,NA,NA,NA,NA,NA,NA,NA,NA,NA,NA,NA,NA,NA,NA,NA,NA,NA,18,FALSE
"455",2008,"Penn State",NA,NA,NA,NA,NA,NA,NA,NA,NA,NA,NA,NA,NA,NA,NA,NA,NA,NA,NA,NA,NA,NA,NA,NA,NA,8,FALSE
"456",2008,"San Diego","Josh Johnson",74.75,213,9,30.38,4.53,33.5,110,4.42,7.56,57.7,NA,NA,NA,NA,NA,NA,NA,NA,NA,NA,NA,NA,NA,NA,NA,FALSE
"457",2008,"San Diego State","Kevin O'Connell",77,225,8.88,34.13,4.66,31,113,4.38,7.01,73.6,"MWC",33,605,1050,0.58,7054,6.7,43,29,122,348,1157,3.3,17,NA,FALSE
"458",2008,"Texas",NA,NA,NA,NA,NA,NA,NA,NA,NA,NA,NA,NA,NA,NA,NA,NA,NA,NA,NA,NA,NA,NA,NA,NA,NA,4,FALSE
"459",2008,"Texas Christian",NA,NA,NA,NA,NA,NA,NA,NA,NA,NA,NA,NA,NA,NA,NA,NA,NA,NA,NA,NA,NA,NA,NA,NA,NA,7,FALSE
"460",2008,"Texas Tech",NA,NA,NA,NA,NA,NA,NA,NA,NA,NA,NA,NA,NA,NA,NA,NA,NA,NA,NA,NA,NA,NA,NA,NA,NA,12,FALSE
"461",2008,"Utah",NA,NA,NA,NA,NA,NA,NA,NA,NA,NA,NA,NA,NA,NA,NA,NA,NA,NA,NA,NA,NA,NA,NA,NA,NA,2,FALSE
"462",2008,"Virginia Tech",NA,NA,NA,NA,NA,NA,NA,NA,NA,NA,NA,NA,NA,NA,NA,NA,NA,NA,NA,NA,NA,NA,NA,NA,NA,15,FALSE
"463",2008,"West Virginia",NA,NA,NA,NA,NA,NA,NA,NA,NA,NA,NA,NA,NA,NA,NA,NA,NA,NA,NA,NA,NA,NA,NA,NA,NA,23,FALSE
"464",2008,"Ole Miss",NA,NA,NA,NA,NA,NA,NA,NA,NA,NA,NA,NA,NA,NA,NA,NA,NA,NA,NA,NA,NA,NA,NA,NA,NA,14,FALSE
"465",2008,"USC",NA,NA,NA,NA,NA,NA,NA,NA,NA,NA,NA,NA,NA,NA,NA,NA,NA,NA,NA,NA,NA,NA,NA,NA,NA,3,FALSE
"466",2009,"Alabama",NA,NA,NA,NA,NA,NA,NA,NA,NA,NA,NA,NA,NA,NA,NA,NA,NA,NA,NA,NA,NA,NA,NA,NA,NA,1,FALSE
"467",2009,"Boise State",NA,NA,NA,NA,NA,NA,NA,NA,NA,NA,NA,NA,NA,NA,NA,NA,NA,NA,NA,NA,NA,NA,NA,NA,NA,4,FALSE
"468",2009,"Brigham Young",NA,NA,NA,NA,NA,NA,NA,NA,NA,NA,NA,NA,NA,NA,NA,NA,NA,NA,NA,NA,NA,NA,NA,NA,NA,12,FALSE
"469",2009,"Central Michigan",NA,NA,NA,NA,NA,NA,NA,NA,NA,NA,NA,NA,NA,NA,NA,NA,NA,NA,NA,NA,NA,NA,NA,NA,NA,23,FALSE
"470",2009,"Cincinnati",NA,NA,NA,NA,NA,NA,NA,NA,NA,NA,NA,NA,NA,NA,NA,NA,NA,NA,NA,NA,NA,NA,NA,NA,NA,8,FALSE
"471",2009,"Clemson",NA,NA,NA,NA,NA,NA,NA,NA,NA,NA,NA,NA,NA,NA,NA,NA,NA,NA,NA,NA,NA,NA,NA,NA,NA,24,FALSE
"472",2009,"Florida",NA,NA,NA,NA,NA,NA,NA,NA,NA,NA,NA,NA,NA,NA,NA,NA,NA,NA,NA,NA,NA,NA,NA,NA,NA,3,FALSE
"473",2009,"Frenso State (CA)","Tom Brandstater",77,220,9.5,NA,4.87,28.5,106,4.37,6.93,2.1,NA,NA,NA,NA,NA,NA,NA,NA,NA,NA,NA,NA,NA,NA,NA,FALSE
"474",2009,"Georgia","Matthew Stafford",74.25,225,10,NA,4.81,30.5,107,4.47,7.06,88.3,"SEC",39,564,987,0.57,7731,7.8,51,33,133.3,141,213,1.5,6,NA,TRUE
"475",2009,"Georgia Tech",NA,NA,NA,NA,NA,NA,NA,NA,NA,NA,NA,NA,NA,NA,NA,NA,NA,NA,NA,NA,NA,NA,NA,NA,NA,13,FALSE
"476",2009,"Iowa",NA,NA,NA,NA,NA,NA,NA,NA,NA,NA,NA,NA,NA,NA,NA,NA,NA,NA,NA,NA,NA,NA,NA,NA,NA,7,FALSE
"477",2009,"Kansas State","Josh Freeman",77.75,248,10,NA,4.9,33.5,119,4.43,7.11,78.5,"Big 12",35,680,1151,0.59,8078,7,44,34,124.7,214,343,1.6,20,NA,TRUE
"478",2009,"Miami (FL)",NA,NA,NA,NA,NA,NA,NA,NA,NA,NA,NA,NA,NA,NA,NA,NA,NA,NA,NA,NA,NA,NA,NA,NA,NA,19,FALSE
"479",2009,"Michigan State","Brian Hoyer",74,215,9.5,NA,5.02,32,109,4.42,7.1,84.8,"Big Ten",26,403,729,0.55,5129,7,29,20,122,90,-199,-2.2,2,NA,FALSE
"480",2009,"Missouri","Chase Daniel",72,218,9.25,NA,4.79,33,NA,4.31,7.28,81.1,"Big 12",41,1056,1543,0.68,12168,7.9,100,39,151,325,913,2.8,9,NA,TRUE
"481",2009,"Nebraska",NA,NA,NA,NA,NA,NA,NA,NA,NA,NA,NA,NA,NA,NA,NA,NA,NA,NA,NA,NA,NA,NA,NA,NA,NA,14,FALSE
"482",2009,"Ohio State",NA,NA,NA,NA,NA,NA,NA,NA,NA,NA,NA,NA,NA,NA,NA,NA,NA,NA,NA,NA,NA,NA,NA,NA,NA,5,FALSE
"483",2009,"Oregon",NA,NA,NA,NA,NA,NA,NA,NA,NA,NA,NA,NA,NA,NA,NA,NA,NA,NA,NA,NA,NA,NA,NA,NA,NA,11,FALSE
"484",2009,"Penn State",NA,NA,NA,NA,NA,NA,NA,NA,NA,NA,NA,NA,NA,NA,NA,NA,NA,NA,NA,NA,NA,NA,NA,NA,NA,9,FALSE
"485",2009,"Purdue","Curtis Painter",74.88,225,9.25,NA,4.87,29,102,4.48,7,57.6,"Big Ten",46,987,1648,0.6,11163,6.8,67,46,124.6,225,348,1.5,13,NA,FALSE
"486",2009,"Southern California","Mark Sanchez",74.13,227,10.5,NA,4.93,32.5,116,4.21,7.06,73.9,NA,NA,NA,NA,NA,NA,NA,NA,NA,NA,NA,NA,NA,NA,NA,FALSE
"487",2009,"Texas",NA,NA,NA,NA,NA,NA,NA,NA,NA,NA,NA,NA,NA,NA,NA,NA,NA,NA,NA,NA,NA,NA,NA,NA,NA,2,FALSE
"488",2009,"Texas A&M;","Stephen McGee",74.88,225,9,NA,4.61,33,112,4.49,7.34,82.4,NA,NA,NA,NA,NA,NA,NA,NA,NA,NA,NA,NA,NA,NA,NA,FALSE
"489",2009,"Texas Christian",NA,NA,NA,NA,NA,NA,NA,NA,NA,NA,NA,NA,NA,NA,NA,NA,NA,NA,NA,NA,NA,NA,NA,NA,NA,6,FALSE
"490",2009,"Texas Tech","Graham Harrell",74.13,223,9.5,NA,5.07,29.5,98,4.56,7.45,64.6,"Big 12",39,1366,1956,0.7,15371,7.9,131,34,154.5,111,-172,-1.5,12,21,TRUE
"491",2009,"Utah",NA,NA,NA,NA,NA,NA,NA,NA,NA,NA,NA,NA,NA,NA,NA,NA,NA,NA,NA,NA,NA,NA,NA,NA,NA,18,FALSE
"492",2009,"Virginia Tech",NA,NA,NA,NA,NA,NA,NA,NA,NA,NA,NA,NA,NA,NA,NA,NA,NA,NA,NA,NA,NA,NA,NA,NA,NA,10,FALSE
"493",2009,"West Virginia","Pat White",72.25,197,9.25,NA,4.55,35,117,4.42,7.06,2.1,"Big East",25,324,490,0.66,3566,7.3,35,11,146.3,388,2309,6,22,25,FALSE
"494",2009,"Wisconsin",NA,NA,NA,NA,NA,NA,NA,NA,NA,NA,NA,NA,NA,NA,NA,NA,NA,NA,NA,NA,NA,NA,NA,NA,NA,16,FALSE
"495",2009,"LSU",NA,NA,NA,NA,NA,NA,NA,NA,NA,NA,NA,NA,NA,NA,NA,NA,NA,NA,NA,NA,NA,NA,NA,NA,NA,17,FALSE
"496",2009,"Ole Miss",NA,NA,NA,NA,NA,NA,NA,NA,NA,NA,NA,NA,NA,NA,NA,NA,NA,NA,NA,NA,NA,NA,NA,NA,NA,20,FALSE
"497",2009,"Pitt",NA,NA,NA,NA,NA,NA,NA,NA,NA,NA,NA,NA,NA,NA,NA,NA,NA,NA,NA,NA,NA,NA,NA,NA,NA,15,FALSE
"498",2009,"USC",NA,NA,NA,NA,NA,NA,NA,NA,NA,NA,NA,NA,NA,NA,NA,NA,NA,NA,NA,NA,NA,NA,NA,NA,NA,22,FALSE
"499",2010,"Brigham Young","Max Hall",72.63,209,9,30,4.84,32,102,4.35,7.07,35.7,"MWC",39,903,1382,0.65,11365,8.2,94,40,151.1,189,204,1.1,7,NA,FALSE
"500",2010,"Cincinnati","Tony Pike",77.75,223,10,NA,4.9,28.5,108,4.53,7.06,60.1,"Big East",22,410,662,0.62,4927,7.4,48,17,143.2,87,53,0.6,3,NA,FALSE
"501",2010,"Florida","Tim Tebow",75,236,10.13,NA,4.71,38.5,115,4.17,6.66,75.3,"SEC",41,639,962,0.66,8927,9.3,83,15,169.7,603,2478,4.1,49,NA,TRUE
"502",2010,"Fordham (NY)","John Skelton",77.38,243,9.75,32,4.85,33.5,108,4.33,7.17,63,NA,NA,NA,NA,NA,NA,NA,NA,NA,NA,NA,NA,NA,NA,NA,FALSE
"503",2010,"Northwestern","Mike Kafka",75.13,225,9.25,NA,4.93,32,110,4.37,6.96,35.2,"Big Ten",13,319,492,0.65,3430,7,16,12,129.3,150,295,22.9,8,NA,FALSE
"504",2010,"Notre Dame","Jimmy Clausen",74.63,222,9,NA,4.76,NA,NA,9.99,9.99,62.2,"Ind",35,695,1110,0.63,8148,7.3,60,27,137.2,175,-355,-2,5,NA,FALSE
"505",2010,"Oklahoma","Sam Bradford",76.25,236,9.5,NA,4.79,NA,NA,9.99,9.99,85.1,"Big 12",28,565,824,0.69,7841,9.5,86,16,179.1,73,54,0.7,5,NA,TRUE
"506",2010,"Texas","Colt McCoy",73.13,216,9.38,NA,4.79,NA,114,9.99,9.99,78.9,"Big 12",53,1157,1645,0.7,13253,8.1,112,45,155,447,1571,3.5,20,NA,TRUE
"507",2010,"Troy (AL)","Levi Brown",75.5,229,9.5,31.5,4.93,31.5,106,4.43,7.07,-47.9,NA,NA,NA,NA,NA,NA,NA,NA,NA,NA,NA,NA,NA,NA,NA,FALSE
"508",2010,"Alabama ",NA,NA,NA,NA,NA,NA,NA,NA,NA,NA,NA,NA,NA,NA,NA,NA,NA,NA,NA,NA,NA,NA,NA,NA,NA,10,FALSE
"509",2010,"Arkansas ",NA,NA,NA,NA,NA,NA,NA,NA,NA,NA,NA,NA,NA,NA,NA,NA,NA,NA,NA,NA,NA,NA,NA,NA,NA,12,FALSE
"510",2010,"Auburn ",NA,NA,NA,NA,NA,NA,NA,NA,NA,NA,NA,NA,NA,NA,NA,NA,NA,NA,NA,NA,NA,NA,NA,NA,NA,1,FALSE
"511",2010,"Boise State ",NA,NA,NA,NA,NA,NA,NA,NA,NA,NA,NA,NA,NA,NA,NA,NA,NA,NA,NA,NA,NA,NA,NA,NA,NA,9,FALSE
"512",2010,"Florida State ",NA,NA,NA,NA,NA,NA,NA,NA,NA,NA,NA,NA,NA,NA,NA,NA,NA,NA,NA,NA,NA,NA,NA,NA,NA,17,FALSE
"513",2010,"LSU ",NA,NA,NA,NA,NA,NA,NA,NA,NA,NA,NA,NA,NA,NA,NA,NA,NA,NA,NA,NA,NA,NA,NA,NA,NA,8,FALSE
"514",2010,"Maryland ",NA,NA,NA,NA,NA,NA,NA,NA,NA,NA,NA,NA,NA,NA,NA,NA,NA,NA,NA,NA,NA,NA,NA,NA,NA,23,FALSE
"515",2010,"Michigan State ",NA,NA,NA,NA,NA,NA,NA,NA,NA,NA,NA,NA,NA,NA,NA,NA,NA,NA,NA,NA,NA,NA,NA,NA,NA,14,FALSE
"516",2010,"Mississippi State ",NA,NA,NA,NA,NA,NA,NA,NA,NA,NA,NA,NA,NA,NA,NA,NA,NA,NA,NA,NA,NA,NA,NA,NA,NA,15,FALSE
"517",2010,"Missouri ",NA,NA,NA,NA,NA,NA,NA,NA,NA,NA,NA,NA,NA,NA,NA,NA,NA,NA,NA,NA,NA,NA,NA,NA,NA,18,FALSE
"518",2010,"Nebraska ",NA,NA,NA,NA,NA,NA,NA,NA,NA,NA,NA,NA,NA,NA,NA,NA,NA,NA,NA,NA,NA,NA,NA,NA,NA,20,FALSE
"519",2010,"Nevada ",NA,NA,NA,NA,NA,NA,NA,NA,NA,NA,NA,NA,NA,NA,NA,NA,NA,NA,NA,NA,NA,NA,NA,NA,NA,11,FALSE
"520",2010,"North Carolina State ",NA,NA,NA,NA,NA,NA,NA,NA,NA,NA,NA,NA,NA,NA,NA,NA,NA,NA,NA,NA,NA,NA,NA,NA,NA,25,FALSE
"521",2010,"Ohio State ",NA,NA,NA,NA,NA,NA,NA,NA,NA,NA,NA,NA,NA,NA,NA,NA,NA,NA,NA,NA,NA,NA,NA,NA,NA,5,FALSE
"522",2010,"Oklahoma ",NA,NA,NA,NA,NA,NA,NA,NA,NA,NA,NA,NA,NA,NA,NA,NA,NA,NA,NA,NA,NA,NA,NA,NA,NA,6,FALSE
"523",2010,"Oklahoma State ",NA,NA,NA,NA,NA,NA,NA,NA,NA,NA,NA,NA,NA,NA,NA,NA,NA,NA,NA,NA,NA,NA,NA,NA,NA,13,FALSE
"524",2010,"Oregon ",NA,NA,NA,NA,NA,NA,NA,NA,NA,NA,NA,NA,NA,NA,NA,NA,NA,NA,NA,NA,NA,NA,NA,NA,NA,3,FALSE
"525",2010,"South Carolina ",NA,NA,NA,NA,NA,NA,NA,NA,NA,NA,NA,NA,NA,NA,NA,NA,NA,NA,NA,NA,NA,NA,NA,NA,NA,22,FALSE
"526",2010,"Stanford ",NA,NA,NA,NA,NA,NA,NA,NA,NA,NA,NA,NA,NA,NA,NA,NA,NA,NA,NA,NA,NA,NA,NA,NA,NA,4,FALSE
"527",2010,"Texas A&M ",NA,NA,NA,NA,NA,NA,NA,NA,NA,NA,NA,NA,NA,NA,NA,NA,NA,NA,NA,NA,NA,NA,NA,NA,NA,19,FALSE
"528",2010,"Texas Christian ",NA,NA,NA,NA,NA,NA,NA,NA,NA,NA,NA,NA,NA,NA,NA,NA,NA,NA,NA,NA,NA,NA,NA,NA,NA,2,FALSE
"529",2010,"Tulsa ",NA,NA,NA,NA,NA,NA,NA,NA,NA,NA,NA,NA,NA,NA,NA,NA,NA,NA,NA,NA,NA,NA,NA,NA,NA,24,FALSE
"530",2010,"UCF ",NA,NA,NA,NA,NA,NA,NA,NA,NA,NA,NA,NA,NA,NA,NA,NA,NA,NA,NA,NA,NA,NA,NA,NA,NA,21,FALSE
"531",2010,"Virginia Tech ",NA,NA,NA,NA,NA,NA,NA,NA,NA,NA,NA,NA,NA,NA,NA,NA,NA,NA,NA,NA,NA,NA,NA,NA,NA,16,FALSE
"532",2010,"Wisconsin ",NA,NA,NA,NA,NA,NA,NA,NA,NA,NA,NA,NA,NA,NA,NA,NA,NA,NA,NA,NA,NA,NA,NA,NA,NA,7,FALSE
"533",2011,"Alabama","Greg McElroy",73.88,220,9.38,30.75,4.84,33,107,4.45,7.11,79.2,"SEC",27,420,638,0.66,5495,8.6,37,9,154.5,114,71,0.6,2,NA,TRUE
"534",2011,"Arkansas","Ryan Mallett",78.75,253,10.75,34.38,5.24,24,103,9.99,9.99,69.1,"SEC",26,491,814,0.6,7493,9.2,62,19,158.1,102,-103,-1,6,NA,TRUE
"535",2011,"Auburn","Cam Newton",77,248,9.88,33.75,4.56,35,126,4.18,6.92,85.3,"SEC",14,185,280,0.66,2854,10.2,30,7,182,264,1473,10.8,20,NA,TRUE
"536",2011,"Florida State","Christian Ponder",74,229,10.25,32.13,4.63,34,116,4.09,6.85,75.9,"ACC",25,361,617,0.59,4050,6.6,34,21,125,219,603,2.8,8,NA,TRUE
"537",2011,"Missouri","Blaine Gabbert",76.38,234,10,33,4.61,33.5,120,4.26,6.84,71.5,"Big 12",26,563,920,0.61,6779,7.4,40,18,133.5,215,436,2,8,NA,TRUE
"538",2011,"Nevada","Colin Kaepernick",76.63,233,9.13,33.5,4.53,32.5,115,4.18,6.85,88.9,"WAC",51,740,1271,0.58,10098,7.9,82,24,142.5,600,4112,6.9,59,NA,FALSE
"539",2011,"Texas Christian","Andy Dalton",74,215,9.5,31.75,4.83,29.5,106,4.27,6.93,88.7,"MWC",50,812,1317,0.62,10314,7.8,71,30,140.7,413,1611,3.9,22,NA,FALSE
"540",2011,"Virginia Tech","Tyrod Taylor",72.75,217,10,32.25,4.47,37.5,126,4.09,6.78,91.2,"ACC",27,324,558,0.58,5054,9.1,37,10,152.4,252,1029,4.1,10,NA,TRUE
"541",2011,"Washington","Jake Locker",74.5,231,9.63,31.63,4.51,35,115,4.12,6.77,79,"Pac-10",36,569,1054,0.54,7127,6.8,52,35,120.4,398,1759,4.4,26,NA,TRUE
"542",2011,"Wisconsin","Scott Tolzien",74,212,10,30.5,4.92,29.5,116,4.12,6.84,61.6,"Big Ten",26,405,594,0.68,5164,8.7,32,17,153.3,84,-22,-0.3,2,NA,FALSE
"543",2011,"Alabama ",NA,NA,NA,NA,NA,NA,NA,NA,NA,NA,NA,NA,NA,NA,NA,NA,NA,NA,NA,NA,NA,NA,NA,NA,NA,1,FALSE
"544",2011,"Arkansas ",NA,NA,NA,NA,NA,NA,NA,NA,NA,NA,NA,NA,NA,NA,NA,NA,NA,NA,NA,NA,NA,NA,NA,NA,NA,5,FALSE
"545",2011,"Baylor ",NA,NA,NA,NA,NA,NA,NA,NA,NA,NA,NA,NA,NA,NA,NA,NA,NA,NA,NA,NA,NA,NA,NA,NA,NA,13,FALSE
"546",2011,"Boise State ",NA,NA,NA,NA,NA,NA,NA,NA,NA,NA,NA,NA,NA,NA,NA,NA,NA,NA,NA,NA,NA,NA,NA,NA,NA,8,FALSE
"547",2011,"Cincinnati ",NA,NA,NA,NA,NA,NA,NA,NA,NA,NA,NA,NA,NA,NA,NA,NA,NA,NA,NA,NA,NA,NA,NA,NA,NA,25,FALSE
"548",2011,"Clemson ",NA,NA,NA,NA,NA,NA,NA,NA,NA,NA,NA,NA,NA,NA,NA,NA,NA,NA,NA,NA,NA,NA,NA,NA,NA,22,FALSE
"549",2011,"Florida State ",NA,NA,NA,NA,NA,NA,NA,NA,NA,NA,NA,NA,NA,NA,NA,NA,NA,NA,NA,NA,NA,NA,NA,NA,NA,23,FALSE
"550",2011,"Georgia ",NA,NA,NA,NA,NA,NA,NA,NA,NA,NA,NA,NA,NA,NA,NA,NA,NA,NA,NA,NA,NA,NA,NA,NA,NA,19,FALSE
"551",2011,"Houston ",NA,NA,NA,NA,NA,NA,NA,NA,NA,NA,NA,NA,NA,NA,NA,NA,NA,NA,NA,NA,NA,NA,NA,NA,NA,18,FALSE
"552",2011,"Kansas State ",NA,NA,NA,NA,NA,NA,NA,NA,NA,NA,NA,NA,NA,NA,NA,NA,NA,NA,NA,NA,NA,NA,NA,NA,NA,15,FALSE
"553",2011,"LSU ",NA,NA,NA,NA,NA,NA,NA,NA,NA,NA,NA,NA,NA,NA,NA,NA,NA,NA,NA,NA,NA,NA,NA,NA,NA,2,FALSE
"554",2011,"Michigan ",NA,NA,NA,NA,NA,NA,NA,NA,NA,NA,NA,NA,NA,NA,NA,NA,NA,NA,NA,NA,NA,NA,NA,NA,NA,12,FALSE
"555",2011,"Michigan State ",NA,NA,NA,NA,NA,NA,NA,NA,NA,NA,NA,NA,NA,NA,NA,NA,NA,NA,NA,NA,NA,NA,NA,NA,NA,11,FALSE
"556",2011,"Nebraska ",NA,NA,NA,NA,NA,NA,NA,NA,NA,NA,NA,NA,NA,NA,NA,NA,NA,NA,NA,NA,NA,NA,NA,NA,NA,24,FALSE
"557",2011,"Oklahoma ",NA,NA,NA,NA,NA,NA,NA,NA,NA,NA,NA,NA,NA,NA,NA,NA,NA,NA,NA,NA,NA,NA,NA,NA,NA,16,FALSE
"558",2011,"Oklahoma State ",NA,NA,NA,NA,NA,NA,NA,NA,NA,NA,NA,NA,NA,NA,NA,NA,NA,NA,NA,NA,NA,NA,NA,NA,NA,3,FALSE
"559",2011,"Oregon ",NA,NA,NA,NA,NA,NA,NA,NA,NA,NA,NA,NA,NA,NA,NA,NA,NA,NA,NA,NA,NA,NA,NA,NA,NA,4,FALSE
"560",2011,"South Carolina ",NA,NA,NA,NA,NA,NA,NA,NA,NA,NA,NA,NA,NA,NA,NA,NA,NA,NA,NA,NA,NA,NA,NA,NA,NA,9,FALSE
"561",2011,"Southern Mississippi ",NA,NA,NA,NA,NA,NA,NA,NA,NA,NA,NA,NA,NA,NA,NA,NA,NA,NA,NA,NA,NA,NA,NA,NA,NA,20,FALSE
"562",2011,"Stanford ",NA,NA,NA,NA,NA,NA,NA,NA,NA,NA,NA,NA,NA,NA,NA,NA,NA,NA,NA,NA,NA,NA,NA,NA,NA,7,FALSE
"563",2011,"Texas Christian ",NA,NA,NA,NA,NA,NA,NA,NA,NA,NA,NA,NA,NA,NA,NA,NA,NA,NA,NA,NA,NA,NA,NA,NA,NA,14,FALSE
"564",2011,"USC ",NA,NA,NA,NA,NA,NA,NA,NA,NA,NA,NA,NA,NA,NA,NA,NA,NA,NA,NA,NA,NA,NA,NA,NA,NA,6,FALSE
"565",2011,"Virginia Tech ",NA,NA,NA,NA,NA,NA,NA,NA,NA,NA,NA,NA,NA,NA,NA,NA,NA,NA,NA,NA,NA,NA,NA,NA,NA,21,FALSE
"566",2011,"West Virginia ",NA,NA,NA,NA,NA,NA,NA,NA,NA,NA,NA,NA,NA,NA,NA,NA,NA,NA,NA,NA,NA,NA,NA,NA,NA,17,FALSE
"567",2011,"Wisconsin ",NA,NA,NA,NA,NA,NA,NA,NA,NA,NA,NA,NA,NA,NA,NA,NA,NA,NA,NA,NA,NA,NA,NA,NA,NA,10,FALSE
"568",2012,"Arizona","Nick Foles",77,243,10.63,34.25,5.03,30.5,112,9.99,9.99,87.4,"Pac-10",35,933,1396,0.67,10011,7.2,67,33,138.2,106,-290,-2.7,4,NA,TRUE
"569",2012,"Arizona State","Brock Osweiler",78.88,242,9.88,33.88,4.83,NA,NA,9.99,9.99,76.5,"Pac-12",13,326,516,0.63,4036,7.8,26,13,140.5,83,90,48.6,3,NA,TRUE
"570",2012,"Boise State","Kellen Moore",72,197,9.5,30.25,4.82,27,99,4.56,7.41,71,"WAC",53,1157,1658,0.7,14667,8.8,142,28,169,101,-133,-1.3,3,NA,FALSE
"571",2012,"Houston","Case Keenum",72.63,208,9.13,30.88,4.72,32.5,103,9.99,9.99,86,"CUSA",54,1504,2165,0.69,18581,8.6,150,41,160.6,296,826,2.8,23,NA,FALSE
"572",2012,"Michigan State","Kirk Cousins",74.63,214,9.88,31.75,4.84,28.5,109,4.5,7.05,93.7,"Big Ten",40,691,1085,0.64,8821,8.1,64,29,146.1,108,-115,-1.1,1,NA,FALSE
"573",2012,"Oklahoma State","Brandon Weeden",75.5,221,9.63,31.75,4.89,NA,NA,9.99,9.99,74.2,"Big 12",26,751,1076,0.7,9004,8.4,71,26,157,34,-170,-5,1,NA,TRUE
"574",2012,"San Diego State","Ryan Lindley",75.75,229,10,32.63,4.86,29.5,108,4.45,7.52,52.4,"MWC",49,961,1732,0.55,12690,7.3,90,47,128.8,90,-275,-3.1,2,NA,FALSE
"575",2012,"Southern Mississippi","Austin Davis",73.63,219,10.38,31.75,4.69,31,109,4.11,6.73,80.4,"CUSA",40,825,1371,0.6,9727,7.1,73,25,133.7,410,1312,3.2,23,NA,FALSE
"576",2012,"Stanford","Andrew Luck",76,234,10,32.63,4.59,36,124,4.28,6.8,87.3,"Pac-10",38,713,1064,0.67,9430,8.9,82,22,162.8,163,957,5.9,7,NA,TRUE
"577",2012,"Texas A&M;","Ryan Tannehill",75.88,221,9,32.63,4.65,NA,NA,9.99,9.99,86.5,NA,NA,NA,NA,NA,NA,NA,NA,NA,NA,NA,NA,NA,NA,NA,FALSE
"578",2012,"Wisconsin","Russell Wilson",70.63,204,10.25,31,4.53,34,118,4.09,6.97,98.8,"Big Ten",14,225,309,0.73,3175,10.3,33,4,191.8,79,338,40.2,6,NA,FALSE
"579",2012,"Alabama ",NA,NA,NA,NA,NA,NA,NA,NA,NA,NA,NA,NA,NA,NA,NA,NA,NA,NA,NA,NA,NA,NA,NA,NA,NA,1,FALSE
"580",2012,"Boise State ",NA,NA,NA,NA,NA,NA,NA,NA,NA,NA,NA,NA,NA,NA,NA,NA,NA,NA,NA,NA,NA,NA,NA,NA,NA,18,FALSE
"581",2012,"Clemson ",NA,NA,NA,NA,NA,NA,NA,NA,NA,NA,NA,NA,NA,NA,NA,NA,NA,NA,NA,NA,NA,NA,NA,NA,NA,11,FALSE
"582",2012,"Florida ",NA,NA,NA,NA,NA,NA,NA,NA,NA,NA,NA,NA,NA,NA,NA,NA,NA,NA,NA,NA,NA,NA,NA,NA,NA,9,FALSE
"583",2012,"Florida State ",NA,NA,NA,NA,NA,NA,NA,NA,NA,NA,NA,NA,NA,NA,NA,NA,NA,NA,NA,NA,NA,NA,NA,NA,NA,10,FALSE
"584",2012,"Georgia ",NA,NA,NA,NA,NA,NA,NA,NA,NA,NA,NA,NA,NA,NA,NA,NA,NA,NA,NA,NA,NA,NA,NA,NA,NA,5,FALSE
"585",2012,"Kansas State ",NA,NA,NA,NA,NA,NA,NA,NA,NA,NA,NA,NA,NA,NA,NA,NA,NA,NA,NA,NA,NA,NA,NA,NA,NA,12,FALSE
"586",2012,"Louisville ",NA,NA,NA,NA,NA,NA,NA,NA,NA,NA,NA,NA,NA,NA,NA,NA,NA,NA,NA,NA,NA,NA,NA,NA,NA,13,FALSE
"587",2012,"LSU ",NA,NA,NA,NA,NA,NA,NA,NA,NA,NA,NA,NA,NA,NA,NA,NA,NA,NA,NA,NA,NA,NA,NA,NA,NA,14,FALSE
"588",2012,"Michigan ",NA,NA,NA,NA,NA,NA,NA,NA,NA,NA,NA,NA,NA,NA,NA,NA,NA,NA,NA,NA,NA,NA,NA,NA,NA,24,FALSE
"589",2012,"Nebraska ",NA,NA,NA,NA,NA,NA,NA,NA,NA,NA,NA,NA,NA,NA,NA,NA,NA,NA,NA,NA,NA,NA,NA,NA,NA,25,FALSE
"590",2012,"Northern Illinois ",NA,NA,NA,NA,NA,NA,NA,NA,NA,NA,NA,NA,NA,NA,NA,NA,NA,NA,NA,NA,NA,NA,NA,NA,NA,22,FALSE
"591",2012,"Northwestern ",NA,NA,NA,NA,NA,NA,NA,NA,NA,NA,NA,NA,NA,NA,NA,NA,NA,NA,NA,NA,NA,NA,NA,NA,NA,17,FALSE
"592",2012,"Notre Dame ",NA,NA,NA,NA,NA,NA,NA,NA,NA,NA,NA,NA,NA,NA,NA,NA,NA,NA,NA,NA,NA,NA,NA,NA,NA,4,FALSE
"593",2012,"Ohio State ",NA,NA,NA,NA,NA,NA,NA,NA,NA,NA,NA,NA,NA,NA,NA,NA,NA,NA,NA,NA,NA,NA,NA,NA,NA,3,FALSE
"594",2012,"Oklahoma ",NA,NA,NA,NA,NA,NA,NA,NA,NA,NA,NA,NA,NA,NA,NA,NA,NA,NA,NA,NA,NA,NA,NA,NA,NA,15,FALSE
"595",2012,"Oregon ",NA,NA,NA,NA,NA,NA,NA,NA,NA,NA,NA,NA,NA,NA,NA,NA,NA,NA,NA,NA,NA,NA,NA,NA,NA,2,FALSE
"596",2012,"Oregon State ",NA,NA,NA,NA,NA,NA,NA,NA,NA,NA,NA,NA,NA,NA,NA,NA,NA,NA,NA,NA,NA,NA,NA,NA,NA,20,FALSE
"597",2012,"San Jose State ",NA,NA,NA,NA,NA,NA,NA,NA,NA,NA,NA,NA,NA,NA,NA,NA,NA,NA,NA,NA,NA,NA,NA,NA,NA,21,FALSE
"598",2012,"South Carolina ",NA,NA,NA,NA,NA,NA,NA,NA,NA,NA,NA,NA,NA,NA,NA,NA,NA,NA,NA,NA,NA,NA,NA,NA,NA,8,FALSE
"599",2012,"Stanford ",NA,NA,NA,NA,NA,NA,NA,NA,NA,NA,NA,NA,NA,NA,NA,NA,NA,NA,NA,NA,NA,NA,NA,NA,NA,7,FALSE
"600",2012,"Texas ",NA,NA,NA,NA,NA,NA,NA,NA,NA,NA,NA,NA,NA,NA,NA,NA,NA,NA,NA,NA,NA,NA,NA,NA,NA,19,FALSE
"601",2012,"Texas A&M ",NA,NA,NA,NA,NA,NA,NA,NA,NA,NA,NA,NA,NA,NA,NA,NA,NA,NA,NA,NA,NA,NA,NA,NA,NA,5,FALSE
"602",2012,"Utah State ",NA,NA,NA,NA,NA,NA,NA,NA,NA,NA,NA,NA,NA,NA,NA,NA,NA,NA,NA,NA,NA,NA,NA,NA,NA,16,FALSE
"603",2012,"Vanderbilt ",NA,NA,NA,NA,NA,NA,NA,NA,NA,NA,NA,NA,NA,NA,NA,NA,NA,NA,NA,NA,NA,NA,NA,NA,NA,23,FALSE
"604",2013,"North Carolina State","Mike Glennon",79.13,225,9.58,33.13,4.94,26.5,102,4.52,7.49,83.2,"ACC",26,613,1017,0.6,7085,7,62,29,133.2,107,-274,-2.6,3,NA,TRUE
"605",2013,"Oklahoma","Landry Jones",76.13,225,9.18,33,5.11,31,115,4.3,7.12,86.2,"Big 12",53,1388,2183,0.64,16646,7.6,123,52,141.5,132,-375,-2.8,3,NA,TRUE
"606",2013,"Southern California","Matt Barkley",74,230,10.08,30.63,4.91,NA,NA,9.99,9.99,63.7,NA,NA,NA,NA,NA,NA,NA,NA,NA,NA,NA,NA,NA,NA,NA,FALSE
"607",2013,"Syracuse","Ryan Nassib",74.13,227,10.18,32,5.06,28.5,105,4.53,7.34,163.8,"Big East",38,755,1244,0.61,8768,7,67,27,133.3,215,142,0.7,5,NA,FALSE
"608",2013,"Tennessee","Tyler Bray",78.13,232,9.28,33,5.05,NA,100,4.51,7.2,2.1,"SEC",12,268,451,0.59,3612,8,34,12,146.3,15,-34,240.8,0,NA,TRUE
"609",2013,"West Virginia","Geno Smith",74.38,218,9.28,32.5,4.58,33.5,124,9.99,9.99,72.9,"Big East",39,956,1416,0.68,11353,8,97,20,154.6,228,335,1.5,4,NA,FALSE
"610",2013,"Alabama ",NA,NA,NA,NA,NA,NA,NA,NA,NA,NA,NA,NA,NA,NA,NA,NA,NA,NA,NA,NA,NA,NA,NA,NA,NA,7,FALSE
"611",2013,"Arizona State ",NA,NA,NA,NA,NA,NA,NA,NA,NA,NA,NA,NA,NA,NA,NA,NA,NA,NA,NA,NA,NA,NA,NA,NA,NA,21,FALSE
"612",2013,"Auburn ",NA,NA,NA,NA,NA,NA,NA,NA,NA,NA,NA,NA,NA,NA,NA,NA,NA,NA,NA,NA,NA,NA,NA,NA,NA,2,FALSE
"613",2013,"Baylor ",NA,NA,NA,NA,NA,NA,NA,NA,NA,NA,NA,NA,NA,NA,NA,NA,NA,NA,NA,NA,NA,NA,NA,NA,NA,13,FALSE
"614",2013,"Clemson ",NA,NA,NA,NA,NA,NA,NA,NA,NA,NA,NA,NA,NA,NA,NA,NA,NA,NA,NA,NA,NA,NA,NA,NA,NA,8,FALSE
"615",2013,"Duke ",NA,NA,NA,NA,NA,NA,NA,NA,NA,NA,NA,NA,NA,NA,NA,NA,NA,NA,NA,NA,NA,NA,NA,NA,NA,23,FALSE
"616",2013,"Florida State ",NA,NA,NA,NA,NA,NA,NA,NA,NA,NA,NA,NA,NA,NA,NA,NA,NA,NA,NA,NA,NA,NA,NA,NA,NA,1,FALSE
"617",2013,"Louisville ",NA,NA,NA,NA,NA,NA,NA,NA,NA,NA,NA,NA,NA,NA,NA,NA,NA,NA,NA,NA,NA,NA,NA,NA,NA,15,FALSE
"618",2013,"LSU ",NA,NA,NA,NA,NA,NA,NA,NA,NA,NA,NA,NA,NA,NA,NA,NA,NA,NA,NA,NA,NA,NA,NA,NA,NA,14,FALSE
"619",2013,"Michigan State ",NA,NA,NA,NA,NA,NA,NA,NA,NA,NA,NA,NA,NA,NA,NA,NA,NA,NA,NA,NA,NA,NA,NA,NA,NA,3,FALSE
"620",2013,"Missouri ",NA,NA,NA,NA,NA,NA,NA,NA,NA,NA,NA,NA,NA,NA,NA,NA,NA,NA,NA,NA,NA,NA,NA,NA,NA,5,FALSE
"621",2013,"Notre Dame ",NA,NA,NA,NA,NA,NA,NA,NA,NA,NA,NA,NA,NA,NA,NA,NA,NA,NA,NA,NA,NA,NA,NA,NA,NA,20,FALSE
"622",2013,"Ohio State ",NA,NA,NA,NA,NA,NA,NA,NA,NA,NA,NA,NA,NA,NA,NA,NA,NA,NA,NA,NA,NA,NA,NA,NA,NA,12,FALSE
"623",2013,"Oklahoma ",NA,NA,NA,NA,NA,NA,NA,NA,NA,NA,NA,NA,NA,NA,NA,NA,NA,NA,NA,NA,NA,NA,NA,NA,NA,6,FALSE
"624",2013,"Oklahoma State ",NA,NA,NA,NA,NA,NA,NA,NA,NA,NA,NA,NA,NA,NA,NA,NA,NA,NA,NA,NA,NA,NA,NA,NA,NA,17,FALSE
"625",2013,"Oregon ",NA,NA,NA,NA,NA,NA,NA,NA,NA,NA,NA,NA,NA,NA,NA,NA,NA,NA,NA,NA,NA,NA,NA,NA,NA,9,FALSE
"626",2013,"South Carolina ",NA,NA,NA,NA,NA,NA,NA,NA,NA,NA,NA,NA,NA,NA,NA,NA,NA,NA,NA,NA,NA,NA,NA,NA,NA,4,FALSE
"627",2013,"Stanford ",NA,NA,NA,NA,NA,NA,NA,NA,NA,NA,NA,NA,NA,NA,NA,NA,NA,NA,NA,NA,NA,NA,NA,NA,NA,11,FALSE
"628",2013,"Texas A&M ",NA,NA,NA,NA,NA,NA,NA,NA,NA,NA,NA,NA,NA,NA,NA,NA,NA,NA,NA,NA,NA,NA,NA,NA,NA,18,FALSE
"629",2013,"UCF ",NA,NA,NA,NA,NA,NA,NA,NA,NA,NA,NA,NA,NA,NA,NA,NA,NA,NA,NA,NA,NA,NA,NA,NA,NA,10,FALSE
"630",2013,"UCLA ",NA,NA,NA,NA,NA,NA,NA,NA,NA,NA,NA,NA,NA,NA,NA,NA,NA,NA,NA,NA,NA,NA,NA,NA,NA,16,FALSE
"631",2013,"USC ",NA,NA,NA,NA,NA,NA,NA,NA,NA,NA,NA,NA,NA,NA,NA,NA,NA,NA,NA,NA,NA,NA,NA,NA,NA,19,FALSE
"632",2013,"Vanderbilt ",NA,NA,NA,NA,NA,NA,NA,NA,NA,NA,NA,NA,NA,NA,NA,NA,NA,NA,NA,NA,NA,NA,NA,NA,NA,24,FALSE
"633",2013,"Washington ",NA,NA,NA,NA,NA,NA,NA,NA,NA,NA,NA,NA,NA,NA,NA,NA,NA,NA,NA,NA,NA,NA,NA,NA,NA,25,FALSE
"634",2013,"Wisconsin ",NA,NA,NA,NA,NA,NA,NA,NA,NA,NA,NA,NA,NA,NA,NA,NA,NA,NA,NA,NA,NA,NA,NA,NA,NA,22,FALSE
"635",2014,"Central Florida","Blake Bortles",77,232,9.38,32.88,4.93,32.5,114,4.21,7.08,80.8,NA,NA,NA,NA,NA,NA,NA,NA,NA,NA,NA,NA,NA,NA,NA,FALSE
"636",2014,"Eastern Illinois","Jimmy Garoppolo",74.25,226,9.25,31,4.97,30.5,110,4.26,7.04,99.7,NA,NA,NA,NA,NA,NA,NA,NA,NA,NA,NA,NA,NA,NA,NA,FALSE
"637",2014,"Frenso State (CA)","Derek Carr",74.38,214,9.13,31.5,4.69,34.5,110,4.2,9.99,87.5,NA,NA,NA,NA,NA,NA,NA,NA,NA,NA,NA,NA,NA,NA,NA,FALSE
"638",2014,"Louisiana State","Zach Mettenberger",76.88,224,9.75,32.38,9.99,NA,NA,9.99,9.99,75.4,NA,NA,NA,NA,NA,NA,NA,NA,NA,NA,NA,NA,NA,NA,NA,FALSE
"639",2014,"Louisville","Teddy Bridgewater",74.13,214,9.25,33,9.99,30,112,4.2,7.17,86.3,"Big East",39,781,1142,0.68,9817,8.6,72,24,157.2,226,170,0.8,6,NA,FALSE
"640",2014,"Pittsburgh","Tom Savage",75.88,228,9.63,31.63,4.97,27,104,4.36,7.33,72.5,NA,NA,NA,NA,NA,NA,NA,NA,NA,NA,NA,NA,NA,NA,NA,FALSE
"641",2014,"San Jose State","David Fales",73.63,212,9.25,31.75,4.99,28,102,4.5,7.55,79.1,"WAC",25,639,938,0.68,8382,8.9,66,22,161.7,90,-132,-1.5,2,NA,FALSE
"642",2014,"South Carolina","Connor Shaw",72.38,206,9.25,30,4.66,34,115,4.33,7.07,55.2,"SEC",24,334,512,0.65,4403,8.6,41,8,160.8,285,993,3.5,9,NA,TRUE
"643",2014,"Texas A&M;","Johnny Manziel",71.75,207,9.88,31.38,4.68,31.5,112,4.03,6.75,74.4,NA,NA,NA,NA,NA,NA,NA,NA,NA,NA,NA,NA,NA,NA,NA,FALSE
"644",2014,"Virginia Tech","Logan Thomas",78.13,248,10.88,34.25,4.61,35.5,116,4.18,7.05,85.9,"ACC",40,681,1222,0.56,8896,7.3,52,39,124.5,489,1337,2.7,24,NA,TRUE
"645",2014,"Alabama ",NA,NA,NA,NA,NA,NA,NA,NA,NA,NA,NA,NA,NA,NA,NA,NA,NA,NA,NA,NA,NA,NA,NA,NA,NA,4,FALSE
"646",2014,"Arizona ",NA,NA,NA,NA,NA,NA,NA,NA,NA,NA,NA,NA,NA,NA,NA,NA,NA,NA,NA,NA,NA,NA,NA,NA,NA,19,FALSE
"647",2014,"Arizona State ",NA,NA,NA,NA,NA,NA,NA,NA,NA,NA,NA,NA,NA,NA,NA,NA,NA,NA,NA,NA,NA,NA,NA,NA,NA,12,FALSE
"648",2014,"Auburn ",NA,NA,NA,NA,NA,NA,NA,NA,NA,NA,NA,NA,NA,NA,NA,NA,NA,NA,NA,NA,NA,NA,NA,NA,NA,22,FALSE
"649",2014,"Baylor ",NA,NA,NA,NA,NA,NA,NA,NA,NA,NA,NA,NA,NA,NA,NA,NA,NA,NA,NA,NA,NA,NA,NA,NA,NA,7,FALSE
"650",2014,"Boise State ",NA,NA,NA,NA,NA,NA,NA,NA,NA,NA,NA,NA,NA,NA,NA,NA,NA,NA,NA,NA,NA,NA,NA,NA,NA,16,FALSE
"651",2014,"Clemson ",NA,NA,NA,NA,NA,NA,NA,NA,NA,NA,NA,NA,NA,NA,NA,NA,NA,NA,NA,NA,NA,NA,NA,NA,NA,15,FALSE
"652",2014,"Florida State ",NA,NA,NA,NA,NA,NA,NA,NA,NA,NA,NA,NA,NA,NA,NA,NA,NA,NA,NA,NA,NA,NA,NA,NA,NA,5,FALSE
"653",2014,"Georgia ",NA,NA,NA,NA,NA,NA,NA,NA,NA,NA,NA,NA,NA,NA,NA,NA,NA,NA,NA,NA,NA,NA,NA,NA,NA,9,FALSE
"654",2014,"Georgia Tech ",NA,NA,NA,NA,NA,NA,NA,NA,NA,NA,NA,NA,NA,NA,NA,NA,NA,NA,NA,NA,NA,NA,NA,NA,NA,8,FALSE
"655",2014,"Kansas State ",NA,NA,NA,NA,NA,NA,NA,NA,NA,NA,NA,NA,NA,NA,NA,NA,NA,NA,NA,NA,NA,NA,NA,NA,NA,18,FALSE
"656",2014,"Louisville ",NA,NA,NA,NA,NA,NA,NA,NA,NA,NA,NA,NA,NA,NA,NA,NA,NA,NA,NA,NA,NA,NA,NA,NA,NA,24,FALSE
"657",2014,"Marshall ",NA,NA,NA,NA,NA,NA,NA,NA,NA,NA,NA,NA,NA,NA,NA,NA,NA,NA,NA,NA,NA,NA,NA,NA,NA,23,FALSE
"658",2014,"Memphis ",NA,NA,NA,NA,NA,NA,NA,NA,NA,NA,NA,NA,NA,NA,NA,NA,NA,NA,NA,NA,NA,NA,NA,NA,NA,25,FALSE
"659",2014,"Michigan State ",NA,NA,NA,NA,NA,NA,NA,NA,NA,NA,NA,NA,NA,NA,NA,NA,NA,NA,NA,NA,NA,NA,NA,NA,NA,5,FALSE
"660",2014,"Mississippi State ",NA,NA,NA,NA,NA,NA,NA,NA,NA,NA,NA,NA,NA,NA,NA,NA,NA,NA,NA,NA,NA,NA,NA,NA,NA,11,FALSE
"661",2014,"Missouri ",NA,NA,NA,NA,NA,NA,NA,NA,NA,NA,NA,NA,NA,NA,NA,NA,NA,NA,NA,NA,NA,NA,NA,NA,NA,14,FALSE
"662",2014,"Ohio State ",NA,NA,NA,NA,NA,NA,NA,NA,NA,NA,NA,NA,NA,NA,NA,NA,NA,NA,NA,NA,NA,NA,NA,NA,NA,1,FALSE
"663",2014,"Ole Miss ",NA,NA,NA,NA,NA,NA,NA,NA,NA,NA,NA,NA,NA,NA,NA,NA,NA,NA,NA,NA,NA,NA,NA,NA,NA,17,FALSE
"664",2014,"Oregon ",NA,NA,NA,NA,NA,NA,NA,NA,NA,NA,NA,NA,NA,NA,NA,NA,NA,NA,NA,NA,NA,NA,NA,NA,NA,2,FALSE
"665",2014,"Texas Christian ",NA,NA,NA,NA,NA,NA,NA,NA,NA,NA,NA,NA,NA,NA,NA,NA,NA,NA,NA,NA,NA,NA,NA,NA,NA,3,FALSE
"666",2014,"UCLA ",NA,NA,NA,NA,NA,NA,NA,NA,NA,NA,NA,NA,NA,NA,NA,NA,NA,NA,NA,NA,NA,NA,NA,NA,NA,10,FALSE
"667",2014,"USC ",NA,NA,NA,NA,NA,NA,NA,NA,NA,NA,NA,NA,NA,NA,NA,NA,NA,NA,NA,NA,NA,NA,NA,NA,NA,20,FALSE
"668",2014,"Utah ",NA,NA,NA,NA,NA,NA,NA,NA,NA,NA,NA,NA,NA,NA,NA,NA,NA,NA,NA,NA,NA,NA,NA,NA,NA,21,FALSE
"669",2014,"Wisconsin ",NA,NA,NA,NA,NA,NA,NA,NA,NA,NA,NA,NA,NA,NA,NA,NA,NA,NA,NA,NA,NA,NA,NA,NA,NA,13,FALSE
"670",2015,"Baylor","Bryce Petty",74.88,230,10,31.88,4.87,34,121,4.13,6.91,57.7,"Big 12",25,520,831,0.63,8055,9.7,61,10,165.8,178,310,1.7,20,NA,TRUE
"671",2015,"Florida State","Jameis Winston",76,231,9.38,32,4.97,28.5,103,4.36,7.16,87.2,"ACC",27,562,851,0.66,7964,9.4,65,28,163.3,145,284,2,7,NA,TRUE
"672",2015,"Northwestern","Trevor Siemian",75,210,NA,NA,4.94,NA,NA,9.99,9.99,79.9,"Big Ten",36,534,908,0.59,5675,6.2,24,23,115,137,-42,-0.3,6,NA,FALSE
"673",2015,"Old Dominion (VA)","Taylor Heinicke",73,211,NA,NA,4.76,NA,NA,9.99,9.99,127.1,NA,NA,NA,NA,NA,NA,NA,NA,NA,NA,NA,NA,NA,NA,NA,FALSE
"674",2015,"Oregon","Marcus Mariota",75.75,222,9.88,32,4.52,36,121,4.11,6.87,88.6,"Pac-12",41,779,1167,0.67,10796,9.3,105,14,171.8,337,2237,6.6,29,NA,TRUE
"675",2015,"Oregon State","Sean Mannion",77.63,229,9,33.5,5.14,31,105,4.39,7.29,65,"Pac-12",47,1187,1838,0.65,13600,7.4,83,54,135.8,132,-804,-6.1,2,NA,TRUE
"676",2015,"UCLA","Brett Hundley",75.25,226,10.5,32.13,4.63,36,120,3.98,6.93,67.9,"Pac-12",40,837,1241,0.67,9966,8,75,25,150.8,479,1747,3.6,30,NA,TRUE
"677",2015,"Alabama ",NA,NA,NA,NA,NA,NA,NA,NA,NA,NA,NA,NA,NA,NA,NA,NA,NA,NA,NA,NA,NA,NA,NA,NA,NA,1,FALSE
"678",2015,"Baylor ",NA,NA,NA,NA,NA,NA,NA,NA,NA,NA,NA,NA,NA,NA,NA,NA,NA,NA,NA,NA,NA,NA,NA,NA,NA,13,FALSE
"679",2015,"Clemson ",NA,NA,NA,NA,NA,NA,NA,NA,NA,NA,NA,NA,NA,NA,NA,NA,NA,NA,NA,NA,NA,NA,NA,NA,NA,2,FALSE
"680",2015,"Florida ",NA,NA,NA,NA,NA,NA,NA,NA,NA,NA,NA,NA,NA,NA,NA,NA,NA,NA,NA,NA,NA,NA,NA,NA,NA,25,FALSE
"681",2015,"Florida State ",NA,NA,NA,NA,NA,NA,NA,NA,NA,NA,NA,NA,NA,NA,NA,NA,NA,NA,NA,NA,NA,NA,NA,NA,NA,14,FALSE
"682",2015,"Houston ",NA,NA,NA,NA,NA,NA,NA,NA,NA,NA,NA,NA,NA,NA,NA,NA,NA,NA,NA,NA,NA,NA,NA,NA,NA,8,FALSE
"683",2015,"Iowa ",NA,NA,NA,NA,NA,NA,NA,NA,NA,NA,NA,NA,NA,NA,NA,NA,NA,NA,NA,NA,NA,NA,NA,NA,NA,9,FALSE
"684",2015,"LSU ",NA,NA,NA,NA,NA,NA,NA,NA,NA,NA,NA,NA,NA,NA,NA,NA,NA,NA,NA,NA,NA,NA,NA,NA,NA,16,FALSE
"685",2015,"Michigan ",NA,NA,NA,NA,NA,NA,NA,NA,NA,NA,NA,NA,NA,NA,NA,NA,NA,NA,NA,NA,NA,NA,NA,NA,NA,12,FALSE
"686",2015,"Michigan State ",NA,NA,NA,NA,NA,NA,NA,NA,NA,NA,NA,NA,NA,NA,NA,NA,NA,NA,NA,NA,NA,NA,NA,NA,NA,6,FALSE
"687",2015,"Navy ",NA,NA,NA,NA,NA,NA,NA,NA,NA,NA,NA,NA,NA,NA,NA,NA,NA,NA,NA,NA,NA,NA,NA,NA,NA,18,FALSE
"688",2015,"North Carolina ",NA,NA,NA,NA,NA,NA,NA,NA,NA,NA,NA,NA,NA,NA,NA,NA,NA,NA,NA,NA,NA,NA,NA,NA,NA,15,FALSE
"689",2015,"Northwestern ",NA,NA,NA,NA,NA,NA,NA,NA,NA,NA,NA,NA,NA,NA,NA,NA,NA,NA,NA,NA,NA,NA,NA,NA,NA,23,FALSE
"690",2015,"Notre Dame ",NA,NA,NA,NA,NA,NA,NA,NA,NA,NA,NA,NA,NA,NA,NA,NA,NA,NA,NA,NA,NA,NA,NA,NA,NA,11,FALSE
"691",2015,"Ohio State ",NA,NA,NA,NA,NA,NA,NA,NA,NA,NA,NA,NA,NA,NA,NA,NA,NA,NA,NA,NA,NA,NA,NA,NA,NA,4,FALSE
"692",2015,"Oklahoma ",NA,NA,NA,NA,NA,NA,NA,NA,NA,NA,NA,NA,NA,NA,NA,NA,NA,NA,NA,NA,NA,NA,NA,NA,NA,5,FALSE
"693",2015,"Oklahoma State ",NA,NA,NA,NA,NA,NA,NA,NA,NA,NA,NA,NA,NA,NA,NA,NA,NA,NA,NA,NA,NA,NA,NA,NA,NA,20,FALSE
"694",2015,"Ole Miss ",NA,NA,NA,NA,NA,NA,NA,NA,NA,NA,NA,NA,NA,NA,NA,NA,NA,NA,NA,NA,NA,NA,NA,NA,NA,10,FALSE
"695",2015,"Oregon ",NA,NA,NA,NA,NA,NA,NA,NA,NA,NA,NA,NA,NA,NA,NA,NA,NA,NA,NA,NA,NA,NA,NA,NA,NA,19,FALSE
"696",2015,"Stanford ",NA,NA,NA,NA,NA,NA,NA,NA,NA,NA,NA,NA,NA,NA,NA,NA,NA,NA,NA,NA,NA,NA,NA,NA,NA,3,FALSE
"697",2015,"Tennessee ",NA,NA,NA,NA,NA,NA,NA,NA,NA,NA,NA,NA,NA,NA,NA,NA,NA,NA,NA,NA,NA,NA,NA,NA,NA,22,FALSE
"698",2015,"Texas Christian ",NA,NA,NA,NA,NA,NA,NA,NA,NA,NA,NA,NA,NA,NA,NA,NA,NA,NA,NA,NA,NA,NA,NA,NA,NA,7,FALSE
"699",2015,"Utah ",NA,NA,NA,NA,NA,NA,NA,NA,NA,NA,NA,NA,NA,NA,NA,NA,NA,NA,NA,NA,NA,NA,NA,NA,NA,17,FALSE
"700",2015,"Western Kentucky ",NA,NA,NA,NA,NA,NA,NA,NA,NA,NA,NA,NA,NA,NA,NA,NA,NA,NA,NA,NA,NA,NA,NA,NA,NA,24,FALSE
"701",2015,"Wisconsin ",NA,NA,NA,NA,NA,NA,NA,NA,NA,NA,NA,NA,NA,NA,NA,NA,NA,NA,NA,NA,NA,NA,NA,NA,NA,21,FALSE
"702",2016,"California","Jared Goff",76,215,9,32.75,4.82,27,110,4.47,7.17,89.4,"Pac-12",37,977,1568,0.62,12195,7.8,96,30,144,170,-114,-0.7,1,NA,TRUE
"703",2016,"Indiana","Nate Sudfeld",78.13,234,9.88,34.25,9.99,29,105,9.99,9.99,95.2,"Big Ten",24,441,734,0.6,6096,8.3,48,16,147.1,84,27,0.3,6,NA,FALSE
"704",2016,"Memphis","Paxton Lynch",78.63,244,10.25,34.25,4.86,36,118,4.26,7.14,76.7,"American",38,758,1205,0.63,8863,7.4,59,23,137,288,687,2.4,17,NA,FALSE
"705",2016,"Miami (FL)",NA,NA,NA,NA,NA,NA,NA,NA,NA,NA,NA,NA,NA,NA,NA,NA,NA,NA,NA,NA,NA,NA,NA,NA,NA,20,FALSE
"706",2016,"Michigan State","Connor Cook",76,217,9.75,33,4.79,33,113,4.28,7.21,83.4,"Big Ten",40,664,1153,0.58,9100,7.9,70,21,140.3,172,212,1.2,3,NA,FALSE
"707",2016,"Mississippi State","Dak Prescott",74.25,226,10.88,32.25,4.79,32.5,116,4.32,7.11,95.5,"SEC",37,716,1140,0.63,9182,8.1,66,23,145.5,504,2403,4.8,37,NA,TRUE
"708",2016,"North Carolina State","Jacoby Brissett",75.75,231,9.75,32.25,4.94,31,113,4.53,7.17,81.9,"ACC",26,458,765,0.6,5268,6.9,43,11,133.4,263,899,3.4,9,NA,TRUE
"709",2016,"North Dakota State","Carson Wentz",77.25,237,10,33.25,4.77,30.5,118,4.15,6.86,88.8,NA,NA,NA,NA,NA,NA,NA,NA,NA,NA,NA,NA,NA,NA,NA,FALSE
"710",2016,"Ohio State","Cardale Jones",77,253,9.75,33.75,4.81,36,NA,9.99,9.99,46,NA,NA,NA,NA,NA,NA,NA,NA,NA,NA,NA,NA,NA,NA,NA,FALSE
"711",2016,"Southern California","Cody Kessler",73.25,220,10.88,32.63,4.89,29.5,104,4,7.32,87.4,NA,NA,NA,NA,NA,NA,NA,NA,NA,NA,NA,NA,NA,NA,NA,FALSE
"712",2016,"Stanford","Kevin Hogan",75.25,218,10.25,32.38,4.78,32.5,113,4.31,6.9,61.5,"Pac-12",41,618,951,0.65,8289,8.7,66,26,155.6,260,986,3.8,13,NA,TRUE
"713",2016,"Texas Christian","Trevone Boykin",72,212,9.38,31.63,4.77,32,110,4.4,9.99,91.2,"Big 12",36,724,1179,0.61,9529,8.1,79,30,146.3,402,1736,4.3,20,NA,TRUE
"714",2016,"Alabama ",NA,NA,NA,NA,NA,NA,NA,NA,NA,NA,NA,NA,NA,NA,NA,NA,NA,NA,NA,NA,NA,NA,NA,NA,NA,2,FALSE
"715",2016,"Auburn ",NA,NA,NA,NA,NA,NA,NA,NA,NA,NA,NA,NA,NA,NA,NA,NA,NA,NA,NA,NA,NA,NA,NA,NA,NA,24,FALSE
"716",2016,"Clemson ",NA,NA,NA,NA,NA,NA,NA,NA,NA,NA,NA,NA,NA,NA,NA,NA,NA,NA,NA,NA,NA,NA,NA,NA,NA,1,FALSE
"717",2016,"Colorado ",NA,NA,NA,NA,NA,NA,NA,NA,NA,NA,NA,NA,NA,NA,NA,NA,NA,NA,NA,NA,NA,NA,NA,NA,NA,17,FALSE
"718",2016,"Florida ",NA,NA,NA,NA,NA,NA,NA,NA,NA,NA,NA,NA,NA,NA,NA,NA,NA,NA,NA,NA,NA,NA,NA,NA,NA,14,FALSE
"719",2016,"Florida State ",NA,NA,NA,NA,NA,NA,NA,NA,NA,NA,NA,NA,NA,NA,NA,NA,NA,NA,NA,NA,NA,NA,NA,NA,NA,8,FALSE
"720",2016,"Louisville ",NA,NA,NA,NA,NA,NA,NA,NA,NA,NA,NA,NA,NA,NA,NA,NA,NA,NA,NA,NA,NA,NA,NA,NA,NA,21,FALSE
"721",2016,"LSU ",NA,NA,NA,NA,NA,NA,NA,NA,NA,NA,NA,NA,NA,NA,NA,NA,NA,NA,NA,NA,NA,NA,NA,NA,NA,13,FALSE
"722",2016,"Michigan ",NA,NA,NA,NA,NA,NA,NA,NA,NA,NA,NA,NA,NA,NA,NA,NA,NA,NA,NA,NA,NA,NA,NA,NA,NA,10,FALSE
"723",2016,"Ohio State ",NA,NA,NA,NA,NA,NA,NA,NA,NA,NA,NA,NA,NA,NA,NA,NA,NA,NA,NA,NA,NA,NA,NA,NA,NA,6,FALSE
"724",2016,"Oklahoma ",NA,NA,NA,NA,NA,NA,NA,NA,NA,NA,NA,NA,NA,NA,NA,NA,NA,NA,NA,NA,NA,NA,NA,NA,NA,5,FALSE
"725",2016,"Oklahoma State ",NA,NA,NA,NA,NA,NA,NA,NA,NA,NA,NA,NA,NA,NA,NA,NA,NA,NA,NA,NA,NA,NA,NA,NA,NA,11,FALSE
"726",2016,"Penn State ",NA,NA,NA,NA,NA,NA,NA,NA,NA,NA,NA,NA,NA,NA,NA,NA,NA,NA,NA,NA,NA,NA,NA,NA,NA,7,FALSE
"727",2016,"San Diego State ",NA,NA,NA,NA,NA,NA,NA,NA,NA,NA,NA,NA,NA,NA,NA,NA,NA,NA,NA,NA,NA,NA,NA,NA,NA,25,FALSE
"728",2016,"South Florida ",NA,NA,NA,NA,NA,NA,NA,NA,NA,NA,NA,NA,NA,NA,NA,NA,NA,NA,NA,NA,NA,NA,NA,NA,NA,19,FALSE
"729",2016,"Stanford ",NA,NA,NA,NA,NA,NA,NA,NA,NA,NA,NA,NA,NA,NA,NA,NA,NA,NA,NA,NA,NA,NA,NA,NA,NA,12,FALSE
"730",2016,"Tennessee ",NA,NA,NA,NA,NA,NA,NA,NA,NA,NA,NA,NA,NA,NA,NA,NA,NA,NA,NA,NA,NA,NA,NA,NA,NA,22,FALSE
"731",2016,"USC ",NA,NA,NA,NA,NA,NA,NA,NA,NA,NA,NA,NA,NA,NA,NA,NA,NA,NA,NA,NA,NA,NA,NA,NA,NA,3,FALSE
"732",2016,"Utah ",NA,NA,NA,NA,NA,NA,NA,NA,NA,NA,NA,NA,NA,NA,NA,NA,NA,NA,NA,NA,NA,NA,NA,NA,NA,23,FALSE
"733",2016,"Virginia Tech ",NA,NA,NA,NA,NA,NA,NA,NA,NA,NA,NA,NA,NA,NA,NA,NA,NA,NA,NA,NA,NA,NA,NA,NA,NA,16,FALSE
"734",2016,"Washington ",NA,NA,NA,NA,NA,NA,NA,NA,NA,NA,NA,NA,NA,NA,NA,NA,NA,NA,NA,NA,NA,NA,NA,NA,NA,4,FALSE
"735",2016,"West Virginia ",NA,NA,NA,NA,NA,NA,NA,NA,NA,NA,NA,NA,NA,NA,NA,NA,NA,NA,NA,NA,NA,NA,NA,NA,NA,18,FALSE
"736",2016,"Western Michigan ",NA,NA,NA,NA,NA,NA,NA,NA,NA,NA,NA,NA,NA,NA,NA,NA,NA,NA,NA,NA,NA,NA,NA,NA,NA,15,FALSE
"737",2016,"Wisconsin ",NA,NA,NA,NA,NA,NA,NA,NA,NA,NA,NA,NA,NA,NA,NA,NA,NA,NA,NA,NA,NA,NA,NA,NA,NA,9,FALSE
"738",2017,"Central Michigan","Cooper Rush",74.63,228,9.13,32.38,4.93,27,105,4.47,7.23,32.6,"MAC",50,1022,1648,0.62,12891,7.8,90,55,139.1,215,-118,-0.5,5,NA,FALSE
"739",2017,"Clemson","Deshaun Watson",74.13,221,9.75,33,4.66,32.5,119,4.31,6.95,103,"ACC",30,721,1070,0.67,8702,8.1,76,30,153.5,372,1734,4.7,21,NA,TRUE
"740",2017,"Iowa","C.J. Beathard",74.13,219,9.38,30.63,9.99,31,113,NA,NA,69.2,"Big Ten",27,393,663,0.59,4738,7.1,34,15,131.7,183,224,1.2,8,NA,FALSE
"741",2017,"Miami (FL)",NA,NA,NA,NA,NA,NA,NA,NA,NA,NA,NA,NA,NA,NA,NA,NA,NA,NA,NA,NA,NA,NA,NA,NA,NA,13,FALSE
"742",2017,"North Carolina","Mitchell Trubisky",74.13,222,9.5,32,4.67,27.5,116,4.25,6.87,77.5,NA,NA,NA,NA,NA,NA,NA,NA,NA,NA,NA,NA,NA,NA,NA,FALSE
"743",2017,"Notre Dame","DeShone Kizer",76.13,233,9.88,33.13,4.83,30.5,107,4.53,7.4,60.5,"Ind",25,422,695,0.61,5805,8.4,47,19,147.7,264,997,3.8,18,NA,FALSE
"744",2017,"Pittsburgh","Nathan Peterman",74.63,226,9.88,32,4.82,31,110,4.31,7.14,35.4,NA,NA,NA,NA,NA,NA,NA,NA,NA,NA,NA,NA,NA,NA,NA,FALSE
"745",2017,"Texas Tech","Patrick Mahomes",74.13,225,9.25,33.25,4.8,30,114,4.08,6.88,76.4,"Big 12",25,752,1164,0.65,9705,8.3,77,25,152.2,262,741,2.8,22,NA,TRUE
"746",2017,"Alabama ",NA,NA,NA,NA,NA,NA,NA,NA,NA,NA,NA,NA,NA,NA,NA,NA,NA,NA,NA,NA,NA,NA,NA,NA,NA,1,FALSE
"747",2017,"Auburn ",NA,NA,NA,NA,NA,NA,NA,NA,NA,NA,NA,NA,NA,NA,NA,NA,NA,NA,NA,NA,NA,NA,NA,NA,NA,10,FALSE
"748",2017,"Boise State ",NA,NA,NA,NA,NA,NA,NA,NA,NA,NA,NA,NA,NA,NA,NA,NA,NA,NA,NA,NA,NA,NA,NA,NA,NA,22,FALSE
"749",2017,"Clemson ",NA,NA,NA,NA,NA,NA,NA,NA,NA,NA,NA,NA,NA,NA,NA,NA,NA,NA,NA,NA,NA,NA,NA,NA,NA,4,FALSE
"750",2017,"Georgia ",NA,NA,NA,NA,NA,NA,NA,NA,NA,NA,NA,NA,NA,NA,NA,NA,NA,NA,NA,NA,NA,NA,NA,NA,NA,2,FALSE
"751",2017,"LSU ",NA,NA,NA,NA,NA,NA,NA,NA,NA,NA,NA,NA,NA,NA,NA,NA,NA,NA,NA,NA,NA,NA,NA,NA,NA,18,FALSE
"752",2017,"Memphis ",NA,NA,NA,NA,NA,NA,NA,NA,NA,NA,NA,NA,NA,NA,NA,NA,NA,NA,NA,NA,NA,NA,NA,NA,NA,25,FALSE
"753",2017,"Michigan State ",NA,NA,NA,NA,NA,NA,NA,NA,NA,NA,NA,NA,NA,NA,NA,NA,NA,NA,NA,NA,NA,NA,NA,NA,NA,15,FALSE
"754",2017,"Mississippi State ",NA,NA,NA,NA,NA,NA,NA,NA,NA,NA,NA,NA,NA,NA,NA,NA,NA,NA,NA,NA,NA,NA,NA,NA,NA,19,FALSE
"755",2017,"North Carolina State ",NA,NA,NA,NA,NA,NA,NA,NA,NA,NA,NA,NA,NA,NA,NA,NA,NA,NA,NA,NA,NA,NA,NA,NA,NA,23,FALSE
"756",2017,"Northwestern ",NA,NA,NA,NA,NA,NA,NA,NA,NA,NA,NA,NA,NA,NA,NA,NA,NA,NA,NA,NA,NA,NA,NA,NA,NA,17,FALSE
"757",2017,"Notre Dame ",NA,NA,NA,NA,NA,NA,NA,NA,NA,NA,NA,NA,NA,NA,NA,NA,NA,NA,NA,NA,NA,NA,NA,NA,NA,11,FALSE
"758",2017,"Ohio State ",NA,NA,NA,NA,NA,NA,NA,NA,NA,NA,NA,NA,NA,NA,NA,NA,NA,NA,NA,NA,NA,NA,NA,NA,NA,5,FALSE
"759",2017,"Oklahoma ",NA,NA,NA,NA,NA,NA,NA,NA,NA,NA,NA,NA,NA,NA,NA,NA,NA,NA,NA,NA,NA,NA,NA,NA,NA,3,FALSE
"760",2017,"Oklahoma State ",NA,NA,NA,NA,NA,NA,NA,NA,NA,NA,NA,NA,NA,NA,NA,NA,NA,NA,NA,NA,NA,NA,NA,NA,NA,14,FALSE
"761",2017,"Penn State ",NA,NA,NA,NA,NA,NA,NA,NA,NA,NA,NA,NA,NA,NA,NA,NA,NA,NA,NA,NA,NA,NA,NA,NA,NA,8,FALSE
"762",2017,"South Florida ",NA,NA,NA,NA,NA,NA,NA,NA,NA,NA,NA,NA,NA,NA,NA,NA,NA,NA,NA,NA,NA,NA,NA,NA,NA,21,FALSE
"763",2017,"Stanford ",NA,NA,NA,NA,NA,NA,NA,NA,NA,NA,NA,NA,NA,NA,NA,NA,NA,NA,NA,NA,NA,NA,NA,NA,NA,20,FALSE
"764",2017,"Texas Christian ",NA,NA,NA,NA,NA,NA,NA,NA,NA,NA,NA,NA,NA,NA,NA,NA,NA,NA,NA,NA,NA,NA,NA,NA,NA,9,FALSE
"765",2017,"UCF ",NA,NA,NA,NA,NA,NA,NA,NA,NA,NA,NA,NA,NA,NA,NA,NA,NA,NA,NA,NA,NA,NA,NA,NA,NA,6,FALSE
"766",2017,"USC ",NA,NA,NA,NA,NA,NA,NA,NA,NA,NA,NA,NA,NA,NA,NA,NA,NA,NA,NA,NA,NA,NA,NA,NA,NA,12,FALSE
"767",2017,"Virginia Tech ",NA,NA,NA,NA,NA,NA,NA,NA,NA,NA,NA,NA,NA,NA,NA,NA,NA,NA,NA,NA,NA,NA,NA,NA,NA,24,FALSE
"768",2017,"Washington ",NA,NA,NA,NA,NA,NA,NA,NA,NA,NA,NA,NA,NA,NA,NA,NA,NA,NA,NA,NA,NA,NA,NA,NA,NA,16,FALSE
"769",2017,"Wisconsin ",NA,NA,NA,NA,NA,NA,NA,NA,NA,NA,NA,NA,NA,NA,NA,NA,NA,NA,NA,NA,NA,NA,NA,NA,NA,7,FALSE
